id,question,concise,concise2,detailed,concise_words,concise2_words,detailed_words
1,Why is the sky blue?,"The sky appears blue because molecules of gas in Earth's atmosphere scatter sunlight more efficiently for blue light, which then travels back to our eyes.","The sky appears blue because molecules of gas in Earth's atmosphere scatter sunlight more efficiently for blue light, which has a shorter wavelength and higher energy.","The sky appears blue due to a phenomenon known as Rayleigh scattering, which is named after Lord Rayleigh who first explained this effect in 1871. This process occurs when sunlight enters the Earth's atmosphere and collides with molecules of air and tiny particles like dust and water droplets.

Here’s a detailed explanation of why the sky is blue:

### 1. Composition of Sunlight:
Sunlight is actually a mixture of all colors of light, each with a different wavelength. When sunlight enters the Earth's atmosphere, it encounters gas molecules, primarily nitrogen (N₂) and oxygen (O₂), and smaller amounts of other gases and particles.

### 2. Rayleigh Scattering:
Rayleigh scattering is a type of scattering that occurs when light interacts with particles much smaller than the wavelength of the light. In the case of the sky, the wavelengths of visible light are typically around 400-700 nanometers, while the average size of gas molecules in the atmosphere is about 3 Å (Angstroms). Because the wavelength of light is much larger than the size of the gas molecules, the scattering is nearly perfectly proportional to the inverse fourth power of the wavelength. This means shorter wavelengths (like blue and violet) are scattered more than longer wavelengths (like red and orange).

### 3. Blue Light Scattering:
Blue light has a shorter wavelength compared to other colors of light. As a result, it is scattered more frequently by the gas molecules in the atmosphere. This scattering causes the blue light to be distributed more widely across the sky.

### 4. Why Not Red?
Red light has a longer wavelength, so it is scattered less frequently by the gas molecules. However, because there is more blue light scattered, our eyes perceive the sky as blue rather than red or any other color.

### 5. Other Colors:
While blue is the most prominent color we see during the day, other colors are also present but less noticeable. For example, green and yellow light are scattered almost equally, but they are not as dominant as blue. The presence of these colors can sometimes make the sky appear slightly greenish or yellowish, especially on overcast days when the sky is filled with clouds.

### 6. Twilight and Night Sky:
During twilight and at night, the sun is closer to the horizon, and its light travels through more of the Earth's atmosphere before reaching your eyes. This increased path length means that more blue light is scattered out of the line of sight, leaving mostly red, orange, and yellow light to reach you. This is why the sky often appears red, orange, or pink during sunrise and sunset.

### 7. Atmospheric Conditions:
The intensity of the blue color can vary depending on atmospheric conditions such as humidity, pollution, and the presence of dust particles. For instance, on hazy or smoggy days, the sky might appear gray or even brown due to the scattering of light by these particles.

In summary, the sky appears blue because of the way sunlight interacts with the atmosphere, particularly the scattering of blue light by the gas molecules in the air. This phenomenon is a beautiful example of how the interaction between light and matter can create the world around us.",25,26,535
2,Why do we have seasons?,"Seasons occur due to the tilt of the Earth's rotational axis and its revolution around the Sun, causing varying amounts of sunlight and resulting in different weather conditions throughout the year.","Seasons occur due to the Earth's axial tilt of about 23.5 degrees and its revolution around the Sun, causing different parts of the Earth to receive varying amounts of sunlight throughout the year.","Seasons on Earth are primarily caused by the tilt of the Earth's rotational axis relative to its orbital plane around the Sun. This axial tilt is approximately 23.5 degrees. Understanding this phenomenon requires examining both the Earth's orbit and its rotation.

### Earth's Orbit Around the Sun

The Earth orbits the Sun in an elliptical path, meaning that it is not always at the same distance from the Sun. However, the key point here is that as the Earth moves along its orbit, different parts of the planet receive varying amounts of sunlight due to the tilt of its axis.

### The Earth's Axis Tilt

As the Earth revolves around the Sun, the tilt of its axis remains constant. This means that at any given time during the year, one hemisphere (northern or southern) is tilted towards the Sun while the other is tilted away. 

- **Summer**: When a hemisphere is tilted towards the Sun, it receives more direct sunlight and experiences longer days. This results in warmer temperatures.
- **Winter**: Conversely, when a hemisphere is tilted away from the Sun, it receives less direct sunlight and has shorter days. This leads to cooler temperatures.
- **Spring and Fall**: These transitional periods occur when the tilt is neither fully towards nor away from the Sun. During these times, the days are neither particularly long nor short, and temperatures are generally moderate.

### The Role of Daylight Hours

The amount of daylight received by each hemisphere varies throughout the year because of the tilt. At the equinoxes (around March 21 and September 23), the Earth's axis is neither tilted towards nor away from the Sun, resulting in nearly equal day and night lengths worldwide. However, the tilt causes the Sun's rays to be more direct over one hemisphere than the other, leading to seasonal variations in temperature.

### Additional Factors Influencing Seasonal Changes

While the primary cause of seasons is the tilt of the Earth's axis, other factors can influence seasonal changes:

- **Ellipticity of the Orbit**: The Earth's orbit is slightly elliptical, meaning it is not perfectly circular. This affects how close the Earth gets to the Sun at different points in its orbit, which can slightly alter seasonal temperatures.
- **Inclination of the Orbit**: The Earth's orbit is also slightly inclined relative to its orbital plane. This inclination, combined with the axial tilt, contributes to the variation in sunlight received by different parts of the Earth.
- **Milankovitch Cycles**: Over much longer timescales, changes in the Earth's orbit and axial tilt (known as Milankovitch cycles) can lead to significant variations in climate and seasonality.

### Conclusion

In summary, the primary reason for seasons on Earth is the tilt of its axis relative to its orbital plane around the Sun. This tilt causes different hemispheres to receive varying amounts of sunlight throughout the year, leading to the distinct seasonal changes we experience. While other factors like the shape of the orbit and the Earth's axial tilt contribute to these changes, the fundamental cause is the Earth's axial tilt.",31,33,508
3,How does photosynthesis work?,"Photosynthesis works by converting light energy into chemical energy stored in glucose, a process that occurs primarily in the chloroplasts of plant cells using chlorophyll and other pigments.","Photosynthesis works by converting light energy into chemical energy stored in glucose, a process that occurs primarily in the chloroplasts of plant cells using chlorophyll. It involves absorbing sunlight with chlorophyll, using water and carbon dioxide to produce oxygen and sugar, which provides energy for the plant.","Photosynthesis is a complex biochemical process that occurs in plants, algae, and some bacteria. It's the primary method by which these organisms convert light energy into chemical energy stored in glucose or other sugars. This process is crucial for life on Earth as it provides the foundation for most food chains and supports the oxygen-rich atmosphere we breathe.

### Overview of Photosynthesis

Photosynthesis can be divided into two main stages: the light-dependent reactions and the Calvin cycle (light-independent reactions). These stages occur in the chloroplasts of plant cells, specifically within structures called thylakoids.

### Light-Dependent Reactions

1. **Light Absorption**: Chlorophyll and other pigments in the thylakoid membranes absorb light energy, primarily from the blue and red parts of the visible spectrum.
2. **Water Splitting (Photolysis)**: The absorbed light energy is used to split water molecules (H₂O) into oxygen (O₂), protons (H⁺), and electrons. Oxygen is released as a byproduct.
3. **Electron Transport Chain**: Electrons are passed through a series of proteins and molecules, including cytochromes and plastocyanin, forming an electron transport chain. As electrons move along this chain, they release energy that is used to pump protons across the thylakoid membrane, creating a proton gradient.
4. **ATP Synthesis**: The proton gradient drives ATP synthase, an enzyme that uses the energy from the proton gradient to synthesize ATP (adenosine triphosphate).
5. **NADPH Formation**: Electrons are also used to reduce NADP⁺ to NADPH (nicotinamide adenine dinucleotide phosphate).

### Calvin Cycle (Light-Independent Reactions)

1. **Carbon Fixation**: In the absence of light, carbon dioxide (CO₂) is fixed into organic compounds using the enzyme RuBisCO (ribulose bisphosphate carboxylase/oxygenase). This reaction requires ATP and NADPH produced during the light-dependent reactions.
2. **Reduction**: The newly formed three-carbon compound (3-PGA) is reduced with the help of NADPH and ATP to form glyceraldehyde 3-phosphate (G3P).
3. **Regeneration**: Some G3P molecules are used to regenerate ribulose bisphosphate (RuBP), allowing the cycle to continue. The rest of the G3P molecules are used to synthesize glucose and other carbohydrates.

### Summary

In summary, photosynthesis involves capturing light energy, converting it into chemical energy, and using that energy to produce glucose and other organic compounds. The process is highly efficient and has evolved over billions of years to maximize the conversion of light energy into usable chemical energy.

### Environmental Factors

Several environmental factors can affect photosynthesis:
- **Light Intensity**: More light generally leads to higher rates of photosynthesis.
- **Temperature**: Optimal temperatures vary among species but typically range between 20°C and 30°C.
- **Carbon Dioxide Concentration**: Higher CO₂ levels can increase the rate of photosynthesis up to a certain point.
- **Water Availability**: Adequate water is essential for maintaining stomatal function and overall cellular processes.
- **Nutrient Availability**: Essential nutrients like nitrogen, phosphorus, and potassium are necessary for chlorophyll synthesis and other metabolic processes.

Understanding how photosynthesis works is crucial not only for agricultural practices but also for addressing global issues such as climate change and sustainable resource management.",28,47,487
4,Why does ice float on water?,"Ice floats on water because its molecular structure causes it to be less dense than liquid water, an unusual property not found in most substances.","Ice floats on water because its molecular structure causes it to be less dense than liquid water, an unusual property that distinguishes water from other common substances.","Ice floating on water is a fascinating phenomenon that can be explained by the unique properties of water and the molecular structure of both ice and liquid water. Let's break it down in detail:

### Molecular Structure of Water

Water (H₂O) has a distinctive molecular structure due to its bent shape, which is caused by hydrogen bonding. In liquid water, each oxygen atom is bonded to two hydrogen atoms, forming a tetrahedral arrangement. The hydrogen bonds between water molecules are relatively weak compared to covalent bonds but are strong enough to keep the molecules close together, giving water its characteristic properties such as high specific heat capacity and surface tension.

### Formation of Ice

When water freezes into ice, the temperature drops below 0°C (32°F), and the hydrogen bonds between water molecules rearrange themselves differently. This rearrangement results in a more open, less dense crystalline structure for ice compared to liquid water. 

### Density Comparison

One of the most important aspects of this structural difference is the density of ice versus liquid water. Liquid water has a density of approximately 1 gram per cubic centimeter (g/cm³). However, when water freezes, it expands and forms a crystalline structure with a density of about 0.917 g/cm³. This means that ice is less dense than liquid water.

### Buoyancy Principle

The principle of buoyancy, described by Archimedes' principle, states that any object submerged in a fluid experiences an upward force equal to the weight of the fluid displaced by the object. For ice to float, it must displace its own weight of water. Since ice is less dense than water, it displaces more water than it weighs, resulting in an upward buoyant force that keeps it afloat.

### Practical Implications

This property of ice floating on water is crucial for life on Earth. It allows aquatic organisms to survive in cold environments because they can maintain their body temperatures within the freezing point of water. Additionally, it affects weather patterns and ocean currents, influencing global climate systems.

In summary, ice floats on water because of the unique molecular structure of ice, which makes it less dense than liquid water. This property is a direct result of the hydrogen bonding in water and the way these bonds rearrange during the freezing process.",25,27,378
5,How does a refrigerator work?,"A refrigerator works by circulating a refrigerant that evaporates and condenses to create a cooling effect, using a compressor to maintain the temperature below the surroundings within its enclosed space.","A refrigerator works by circulating a refrigerant that changes from a liquid to a gas and back again, absorbing heat from the inside and releasing it to the surrounding air outside the fridge. This cycle is typically driven by a compressor, which is powered by electricity.","A refrigerator is a household appliance designed to maintain a low temperature, typically between 35-40°F (2-4°C) on the inside, which helps in preserving food and beverages by slowing down the rate of spoilage and bacterial growth. The primary mechanism that makes this possible involves several key components working together to create a cooling effect within the appliance. Here’s a detailed breakdown of how a typical refrigerator works:

### 1. **Thermodynamics and Temperature Control**
   - **Heat Transfer Principle**: A refrigerator operates based on the principle of heat transfer from a cooler area (inside the fridge) to a warmer area (outside the fridge). This is achieved through the use of refrigerants, which are substances that can easily change states between liquid and gas.
   - **Temperature Difference**: The internal temperature of the refrigerator is maintained below the ambient room temperature, creating a temperature gradient that drives the cooling process.

### 2. **Refrigerant Cycle**
   - **Evaporation**: Inside the refrigerator, the refrigerant (a substance that changes state between liquid and vapor) evaporates into a gas at a very low temperature. This evaporation process absorbs heat from the interior of the refrigerator, effectively cooling it.
   - **Condensation**: The gaseous refrigerant then passes through a condenser, where it is cooled by the surrounding air or water, causing it to condense back into a liquid. This process releases heat to the surrounding environment.
   - **Expansion**: The now liquid refrigerant then passes through an expansion valve, which reduces its pressure and temperature. This expansion causes the refrigerant to evaporate again, starting the cycle anew.

### 3. **Compressor**
   - **Mechanical Work**: The compressor is a crucial component that provides the mechanical work necessary to drive the refrigeration cycle. It compresses the refrigerant gas, increasing its temperature and pressure before it enters the condenser.

### 4. **Condenser and Evaporator**
   - **Condenser**: The condenser is usually located on the exterior of the refrigerator, often behind the door. It is designed to dissipate heat efficiently, ensuring that the refrigerant remains in a liquid state as it cools the interior of the refrigerator.
   - **Evaporator**: The evaporator is located inside the refrigerator, where the refrigerant evaporates. It is made up of coils that are exposed to the interior space, allowing the cold air to circulate around the food and drinks.

### 5. **Airflow Management**
   - **Fan Motor**: To ensure even distribution of cold air throughout the refrigerator, a fan motor circulates the air inside the unit. This helps in maintaining a consistent temperature across different parts of the refrigerator.
   - **Door Seals**: Special seals around the doors help prevent warm air from entering the refrigerator and cold air from escaping. These seals are often made of rubber or other flexible materials that conform to the shape of the door.

### 6. **Temperature Sensors and Controls**
   - **Thermostat**: The thermostat is a critical component that regulates the temperature inside the refrigerator. It senses the temperature and adjusts the operation of the compressor and fan motor accordingly to maintain the desired temperature range.
   - **Control Board**: Modern refrigerators often have a microprocessor-based control board that manages the entire cooling system, including the compressor, fan, and temperature sensors. This allows for more precise temperature control and energy efficiency.

### 7. **Energy Efficiency**
   - **Inverter Technology**: Some modern refrigerators use inverter technology, which allows the compressor to run at varying speeds depending on the cooling needs. This results in more efficient energy usage and quieter operation.
   - **LED Lighting**: LED lights are used instead of traditional bulbs, which consume less power and last longer, contributing to the overall energy efficiency of the refrigerator.

### 8. **Maintenance and Cleaning**
   - Regular cleaning and maintenance are essential to keep the refrigerator functioning optimally. This includes checking and cleaning the condenser coils, ensuring proper airflow, and inspecting seals for any damage.

By understanding these components and their interactions, you can appreciate the complexity and efficiency of a refrigerator in maintaining a cool environment for your food and beverages.",30,46,657
6,Why do airplanes fly?,"Airplanes fly due to the principle of lift, generated by the wings that create more air pressure below than above as they move forward, allowing the plane to ascend and stay airborne.","Airplanes fly due to the principle of lift, generated by the wings which create more air pressure below than above as the aircraft moves forward, allowing it to ascend and remain airborne.","Airplanes fly due to the principles of aerodynamics, which involve the interaction between the airplane's shape, the air it moves through, and the forces acting upon it. Here’s a detailed explanation of how airplanes achieve flight:

### 1. **Air Pressure Differences**
   - **Bernoulli's Principle**: This principle states that as the speed of a fluid (in this case, air) increases, the pressure within the fluid decreases. When an airplane moves forward, it creates areas of high and low pressure around its wings.
   - **Coanda Effect**: The Coanda effect describes how a fluid tends to follow the surface of a curved object. In the context of an airplane wing, the air flows over the top and bottom surfaces of the wing in different ways, creating these pressure differences.

### 2. **Wing Design**
   - **Aerodynamic Shape**: Airplanes are designed with wings that have a specific curvature, known as camber. The upper surface of the wing is slightly curved, while the lower surface is relatively flat. This design allows for more air to flow over the top of the wing than the bottom during flight.
   - **Angle of Attack**: The angle at which the wing meets the airflow is called the angle of attack. At optimal angles, the wing can generate lift efficiently.

### 3. **Lift Generation**
   - **Lift Force**: Lift is the upward force that opposes gravity and keeps the airplane in the air. It is generated by the difference in air pressure above and below the wing. According to Newton's Third Law of Motion, for every action there is an equal and opposite reaction. As the wing pushes air downwards, the air pushes the wing upwards.
   - **Coefficient of Lift**: This is a measure of the effectiveness of the wing in generating lift. It depends on the angle of attack and the shape of the wing.

### 4. **Drag**
   - **Resistance**: Air resistance, or drag, acts against the motion of the airplane. There are two main types of drag: parasitic drag (due to the shape of the airplane and its components) and induced drag (caused by the creation of lift).
   - **Efficiency**: Modern aircraft designs aim to minimize drag while maximizing lift. This involves careful consideration of the shape of the fuselage, tail, and other components.

### 5. **Engine Power**
   - **Thrust**: The engines provide the thrust necessary to overcome drag and maintain altitude. The power output of the engines must be sufficient to counteract the drag and provide enough lift to keep the plane airborne.
   - **Combustion Process**: Jet engines burn fuel to produce thrust. The combustion process converts chemical energy into mechanical energy, which is then used to propel the airplane forward.

### 6. **Weight and Center of Gravity**
   - **Balancing Forces**: For an airplane to fly, the total weight must be balanced by the lift generated by the wings. The center of gravity (CG) must be within a safe range to ensure stability and control.
   - **Fuel Management**: The amount of fuel carried affects the overall weight and balance. Pilots need to manage fuel consumption carefully to ensure the plane remains stable and has enough power to reach its destination.

### 7. **Altitude and Temperature**
   - **Density Altitude**: The effective altitude of the atmosphere affects the density of the air. Higher altitudes have less dense air, which requires more power from the engines to maintain lift.
   - **Temperature Effects**: Warmer temperatures increase the speed of air molecules, making it easier for the wings to create lift. However, colder temperatures can reduce lift efficiency.

### 8. **Control Systems**
   - **Flight Controls**: The rudder, ailerons, and elevator allow pilots to control the direction and altitude of the airplane. These controls work in conjunction with the wings to maintain stability and maneuverability.

In summary, airplanes fly because they are designed to generate lift through the interaction of their wings with the air, powered by engines that provide the necessary thrust. The balance of lift, drag, and engine power, along with precise control systems, ensures that the airplane can stay aloft and navigate through the sky.",32,32,673
7,What causes a rainbow?,"A rainbow is caused by the reflection, refraction, and dispersion of light in water droplets, resulting in a spectrum of colors that appear to arc across the sky.","A rainbow is caused by the reflection, refraction, and dispersion of light passing through water droplets in the air, separating white sunlight into its component colors.","A rainbow is a meteorological phenomenon that occurs when light in the atmosphere is separated into different colors by refraction, reflection, and dispersion as it passes through water droplets. This process creates a spectrum of light appearing in the sky, typically following the arc described by Newton's description: top red, bottom violet. Here’s a detailed breakdown of the causes:

### 1. **Sunlight and Raindrops**
   - **Sunlight**: The primary source of light for a rainbow is sunlight. Sunlight is composed of all the colors of the visible spectrum, which includes red, orange, yellow, green, blue, indigo, and violet.
   - **Raindrops**: Raindrops are the key components that cause the dispersion and reflection of light. When sunlight enters a raindrop, it slows down and bends (refracts). This bending causes the white light to separate into its component colors.

### 2. **Refraction**
   - **Definition**: Refraction is the bending of light as it passes from one medium to another with a different optical density. In the case of a rainbow, sunlight enters a raindrop and refracts (bends) as it moves from air into the denser water.
   - **Process**: As the light enters the raindrop, it slows down and changes direction. Different wavelengths of light bend by slightly different amounts due to their different speeds in water. Red light bends the least, while violet light bends the most.

### 3. **Reflection**
   - **Definition**: Reflection is the bouncing of light off surfaces. After refraction, the light bounces off the back of the raindrop.
   - **Process**: The light reflects off the inside surface of the raindrop. This reflection further separates the light into its component colors.

### 4. **Dispersion**
   - **Definition**: Dispersion is the separation of light into its constituent colors. It occurs because different wavelengths of light travel at slightly different speeds in the same medium.
   - **Process**: As the light exits the raindrop, it refracts again as it moves from water back into air. The different wavelengths now spread out, creating the familiar rainbow colors.

### 5. **Angle of Incidence and Elevation**
   - **Angle of Incidence**: The angle at which sunlight enters the raindrop is crucial. For a rainbow to form, the angle between the sun and the observer must be such that the light entering the raindrop and exiting at the correct angle allows the observer to see the rainbow.
   - **Angle of Elevation**: The angle at which the observer sees the rainbow is related to the angle of incidence. Typically, this angle is around 40-42 degrees from the line connecting the observer to the point directly below the sun.

### 6. **Formation of the Rainbow Arc**
   - **Arc Shape**: The arc shape of a rainbow is due to the fact that the light enters the raindrop, reflects once inside, and then exits. The angle of incidence equals the angle of emergence, forming an arc.
   - **Color Order**: The order of colors in a rainbow is red on the outside and violet on the inside. This order is consistent across all rainbows observed from any location on Earth.

### 7. **Multiple Bow Formation**
   - **Secondary Bow**: Sometimes, a second, fainter bow can be seen, known as the secondary bow. This occurs because the light undergoes two internal reflections before exiting the raindrop, rather than just one. The secondary bow appears closer to the sun and has a darker coloration compared to the primary bow.

In summary, a rainbow is caused by the interaction of sunlight with raindrops, involving refraction, reflection, and dispersion. The specific conditions required for a rainbow to form include the presence of rain, sunlight, and the correct angle between the observer, the sun, and the raindrops.",28,26,604
8,What is inflation?,"Inflation is the rate at which the general level of prices for goods and services is rising, leading to a decrease in the purchasing power of a currency over time.","Inflation is the rate at which the general level of prices for goods and services is rising, leading to a decrease in the purchasing power of a currency over time.","Inflation is a sustained increase in the general price level of goods and services in an economy over a period of time. It is typically measured as an annual percentage rate, indicating how much prices have risen compared to the same period in the previous year. Understanding inflation is crucial for individuals, businesses, and policymakers because it affects purchasing power, economic growth, and investment decisions.

### Key Components of Inflation

1. **Definition**: As mentioned, inflation is the rise in the overall cost of living. When inflation occurs, each unit of currency buys fewer goods and services than before.

2. **Causes**: Inflation can be caused by various factors including:
   - **Demand-Pull Inflation**: This occurs when aggregate demand exceeds aggregate supply, leading to higher prices.
   - **Cost-Push Inflation**: Also known as supply-side inflation, this happens when production costs rise due to increased input prices (like raw materials or labor), which are then passed on to consumers.
   - **Built-In Inflation**: This is a type of cost-push inflation where wage increases become embedded in the economy, leading to higher prices.
   - **Monetary Factors**: Excessive money supply growth can lead to inflation if there is not enough demand for the additional money.
   - **Structural Factors**: Changes in the structure of the economy, such as shifts in consumer preferences or technological advancements, can also contribute to inflation.

3. **Measurement**: The most common measure of inflation is the Consumer Price Index (CPI), which tracks changes in the prices of a basket of goods and services commonly purchased by households. Other measures include the Producer Price Index (PPI) for businesses and the GDP Deflator for the entire economy.

4. **Impact on Economy**:
   - **Economic Growth**: Inflation can reduce economic growth by eroding real incomes and reducing the purchasing power of consumers.
   - **Investment Decisions**: Higher inflation can make long-term investments less attractive, as returns may not keep pace with rising prices.
   - **Interest Rates**: Central banks often use inflation targeting as a guide for setting interest rates, aiming to maintain stable prices while promoting economic growth.
   - **Exchange Rates**: Inflation differentials between countries can affect exchange rates, influencing trade balances and international competitiveness.

5. **Policy Responses**: Governments and central banks employ various tools to manage inflation, including monetary policy (setting interest rates and controlling money supply) and fiscal policy (taxation and government spending).

### Historical Context

Historically, inflation has been a recurring phenomenon throughout human history. Ancient civilizations faced inflation due to factors like debasement of coinage and excessive taxation. Modern economies have seen periods of high inflation, such as during World War II when governments printed large amounts of money to finance war efforts, leading to hyperinflation in some cases.

Understanding inflation is essential for making informed financial decisions and for assessing the health of an economy. It influences everything from personal savings and investments to broader economic policies and global trade dynamics.",30,30,476
9,What is a neural network?,"A neural network is an artificial intelligence model designed to simulate the structure and function of biological neural networks, used for pattern recognition and predictive modeling.","A neural network is a system of artificial neurons that can learn from and make predictions on data, particularly when the data sets are large and complex. It mimics the human brain's ability to learn by connecting ""neurons"" (processing nodes) that transmit information.","A neural network, also known as a artificial neural network (ANN), is a computational model inspired by the structure and operation of the human brain. It is designed to recognize patterns and make decisions or predictions based on input data. Neural networks consist of layers of interconnected nodes, or ""neurons,"" which process information in a manner similar to how neurons work in the brain.

### Basic Structure

1. **Input Layer**: This layer receives the raw data that will be processed by the network. Each node in this layer corresponds to one feature of the input data.

2. **Hidden Layers**: These are intermediate layers between the input and output layers. The number of hidden layers can vary, but typically there are multiple hidden layers. Each neuron in these layers combines the inputs it receives with weights and applies an activation function to produce an output. Activation functions introduce non-linearity into the model, allowing it to learn complex patterns.

3. **Output Layer**: This layer produces the final output of the network. The number of nodes in the output layer depends on the problem being solved. For example, if the task is classification, the output layer might have nodes corresponding to different classes.

### How It Works

- **Forward Propagation**: Data flows through the network from the input layer to the output layer. At each neuron, the weighted sum of its inputs is passed through an activation function. This process is repeated for each layer until the output layer is reached.
  
- **Backpropagation**: After the forward pass, the network compares its output to the actual target values (if training) and calculates the error. This error is then propagated backward through the network, adjusting the weights of the connections between neurons using an optimization algorithm like gradient descent. This process is repeated many times (epochs) during training to minimize the error.

### Types of Neural Networks

1. **Feedforward Neural Network**: The most common type, where information moves in only one direction from input to output without loops.

2. **Recurrent Neural Network (RNN)**: Designed to handle sequential data, where information can flow in both directions (forward and backward). RNNs use feedback connections, allowing them to maintain a form of memory.

3. **Convolutional Neural Network (CNN)**: Specialized for image and video data, CNNs use convolutional layers to extract features from spatial data.

4. **Autoencoder**: A type of neural network used for unsupervised learning, often used for dimensionality reduction and feature learning.

5. **Generative Adversarial Network (GAN)**: Comprises two neural networks, a generator and a discriminator, which compete against each other to generate realistic data.

### Applications

Neural networks are widely used in various fields:

- **Image Recognition**: Identifying objects, faces, and scenes in images.
- **Speech Recognition**: Transcribing spoken words into text.
- **Natural Language Processing (NLP)**: Understanding and generating human language.
- **Recommendation Systems**: Personalizing content recommendations based on user behavior.
- **Healthcare**: Diagnosing diseases, predicting patient outcomes, and developing personalized treatment plans.

### Challenges

Despite their power, neural networks face several challenges:

- **Overfitting**: The model performs well on training data but poorly on unseen data.
- **Training Time**: Deep neural networks require significant computational resources and time to train.
- **Interpretability**: Neural networks can be difficult to interpret due to their complexity.

In summary, neural networks are powerful tools for pattern recognition and decision-making, capable of handling complex tasks across various domains. However, they also come with challenges that need careful consideration when deploying them in real-world applications.",26,43,575
10,What is overfitting in machine learning?,"Overfitting occurs in machine learning when a model learns the detail and noise in the training data to an extent that it negatively impacts the performance of the model on new data, resulting in poor generalization.","Overfitting occurs in machine learning when a model learns the detail and noise in the training data to an extent that it negatively impacts the performance of the model on new data, resulting in poor predictions.","Overfitting is a phenomenon that occurs in the context of machine learning where a model learns the detail and noise in the training data to an extent that it negatively impacts the performance of the model on new, unseen data. Essentially, overfitting happens when a model is too complex relative to the amount or quality of the training data, causing it to capture not only the underlying patterns but also the random noise and outliers present in the training dataset.

### Key Characteristics of Overfitting

1. **High Training Accuracy**: The model performs exceptionally well on the training data, often achieving very high accuracy or low loss.
2. **Poor Generalization**: Despite its excellent performance on the training set, the model fails to generalize well to new, unseen data. This means it performs poorly on test data or validation sets.
3. **Complexity vs. Data**: Overfitting typically occurs when the model is too complex (e.g., has many parameters) relative to the amount of available data. More complex models have more flexibility to fit the training data, including its noise and outliers.

### Causes of Overfitting

- **Model Complexity**: Increasing the number of features or adding more layers and neurons in neural networks can lead to overfitting.
- **Insufficient Data**: When there isn't enough data to train the model effectively, it may start to memorize the training data rather than learn generalizable patterns.
- **Data Noise**: If the training data contains significant noise or irrelevant features, the model might overfit to these details.
- **Regularization**: Sometimes, insufficient regularization techniques can lead to overfitting. Regularization methods like L1 and L2 penalties are used to prevent overfitting by penalizing large coefficients.

### Types of Overfitting

1. **Bias-Variance Tradeoff**: Overfitting can be seen as a form of high variance, where the model captures noise in the training data instead of the true signal.
2. **Underfitting vs. Overfitting**: While underfitting occurs when a model is too simple to capture the underlying trend of the data, overfitting is the opposite scenario where the model is overly complex.

### Mitigating Overfitting

1. **Cross-validation**: Techniques like k-fold cross-validation help in assessing how the model will generalize to an independent dataset.
2. **Regularization**: Methods such as L1 (Lasso), L2 (Ridge), and Elastic Net regularization add a penalty to the loss function to reduce the complexity of the model.
3. **Early Stopping**: In iterative algorithms like gradient descent, early stopping halts the training process before the model starts to overfit.
4. **Simplifying the Model**: Reducing the model's complexity by using fewer features or simpler architectures.
5. **Data Augmentation**: For image or text data, augmenting the training data can provide more diverse examples for the model to learn from.
6. **Ensemble Methods**: Combining multiple models can improve generalization by reducing the impact of any single model's overfitting.

### Conclusion

Understanding and addressing overfitting is crucial for building robust machine learning models. It requires a balance between model complexity and the amount of available data, ensuring that the model not only fits the training data well but also generalizes effectively to new data. By employing appropriate techniques and strategies, one can mitigate overfitting and enhance the model's ability to make accurate predictions.",36,36,527
11,How does a computer store information?,A computer stores information using binary digits (bits) that are grouped into bytes and stored in memory or storage devices such as hard drives or solid-state drives.,"A computer stores information using binary digits (bits) through electronic circuits that represent 0 or 1 states, which together form the basis of data storage and processing in computers.","A computer stores information using binary digits, or bits, which are the smallest units of data that can be processed by a computer. Here's a detailed explanation of how this works:

1. **Binary System**: Computers operate on the principle of binary, which means they use two states to represent all information: 0 and 1. This is because electronic devices can easily switch between two stable states (e.g., off and on, high and low voltage).

2. **Bits and Bytes**: A bit is the basic unit of information in computing. A byte consists of 8 bits. Since there are only two possible values for each bit (0 or 1), a byte can represent 256 different values (from 00000000 to 11111111 in binary).

3. **Memory Storage**: Information is stored in memory, which is made up of memory cells or storage units. Each cell typically holds one bit of information. Memory can be volatile (like RAM) or non-volatile (like hard drives or solid-state drives). Volatile memory loses its contents when power is turned off, while non-volatile memory retains its data even without power.

4. **Data Representation**: Different types of data require different representations:
   - **Text**: Text is represented as ASCII or Unicode codes, where each character is assigned a unique number.
   - **Numbers**: Numbers are stored in binary form. For example, the decimal number 123 is represented as 1111011 in binary.
   - **Images and Videos**: These are stored as arrays of pixels, with each pixel representing a color value. Color values are often stored as RGB (Red, Green, Blue) or grayscale values.
   - **Audio**: Audio files are stored as digital audio waveforms, which are essentially sequences of numbers representing sound pressure levels over time.
   - **Programs**: Programs are stored as machine code or higher-level languages like Python, Java, etc. Machine code is directly executable by the CPU, while higher-level languages need to be compiled or interpreted into machine code.

5. **File Systems**: To manage large amounts of data, computers use file systems. These organize data into files and directories, allowing users to access and manipulate information more efficiently. File systems also handle issues like file permissions, backup, and recovery.

6. **Storage Devices**: Data is stored on various storage devices such as hard disks, SSDs, USB drives, and cloud storage. These devices use magnetic, optical, or flash memory technologies to store data.

7. **Data Structures**: Within these storage mechanisms, data is organized into data structures like arrays, linked lists, trees, graphs, and databases. These structures help in managing and accessing data efficiently.

In summary, a computer stores information at the most fundamental level using binary digits (bits) and then organizes and manages this information through various data structures and storage mechanisms. This allows it to process, store, and retrieve vast amounts of data efficiently.",27,29,459
12,Why do magnets attract some metals?,"Magnets attract certain metals, like iron, nickel, and cobalt, due to the magnetic domains within these metals aligning with the magnetic field of the magnet.","Magnets attract certain metals, like iron, nickel, and cobalt, due to the magnetic domains within these metals aligning with the magnet's field, creating an attractive force between them.","Magnets attract certain metals due to the fundamental nature of atomic structure and the magnetic properties of these materials. To understand this phenomenon thoroughly, we need to delve into several key concepts: atomic structure, electron behavior, magnetic domains, and the interaction between magnetic fields.

### Atomic Structure and Electron Behavior

At the core of every atom is the nucleus, which contains protons (positively charged) and neutrons (neutral). Surrounding the nucleus are electrons (negatively charged), which orbit in specific energy levels or shells. Electrons are not stationary but move in probability clouds around the nucleus.

### Magnetic Domains

In ferromagnetic materials like iron, nickel, and cobalt, the electrons in the outermost shell of each atom behave in a way that creates tiny magnetic fields. These individual magnetic fields can align either parallel or antiparallel to each other. When many atoms in a material have their magnetic fields aligned in the same direction, it results in a macroscopic magnetic field.

### Ferromagnetism

Ferromagnetism is the property of certain materials to become strongly magnetized when an external magnetic field is applied. In ferromagnetic materials, the alignment of magnetic domains occurs naturally, even without an external magnetic field. This natural alignment is what allows these materials to be attracted by magnets.

### Interaction Between Magnets and Metals

When a magnet approaches a metal, the magnetic field of the magnet interacts with the magnetic domains within the metal. The magnetic field of the magnet exerts a force on the magnetic domains, causing them to align more closely with the magnetic field of the magnet. This alignment process is called magnetization.

For ferromagnetic metals, the alignment of magnetic domains is strong enough to create a significant net magnetic field within the metal itself. This induced magnetic field can then interact with the original magnetic field of the magnet, creating a stronger overall attraction.

### Non-Ferromagnetic Metals

Not all metals are ferromagnetic. For example, aluminum, copper, and gold do not exhibit ferromagnetism. In these non-ferromagnetic metals, the magnetic domains do not align as strongly under the influence of an external magnetic field. Therefore, they are not strongly attracted to magnets.

### Specific Examples

1. **Iron**: Highly ferromagnetic, so it is strongly attracted to magnets.
2. **Copper**: Not ferromagnetic, so it is not attracted to magnets.
3. **Steel**: A type of iron alloy that retains its ferromagnetic properties, making it highly magnetic and thus attracted to magnets.

### Conclusion

The attraction between magnets and certain metals (like iron) is fundamentally due to the alignment of magnetic domains within those metals. This alignment occurs naturally in ferromagnetic materials and is influenced by the external magnetic field of the magnet. Understanding these principles helps explain why magnets attract specific types of metals while others remain unaffected.",25,28,456
13,What causes earthquakes?,"Earthquakes occur due to the sudden release of energy stored in rocks, typically along fault lines in the Earth's crust, causing seismic waves that result in ground shaking.","Earthquakes are primarily caused by the movement of tectonic plates, where sudden releases of energy cause seismic waves that we feel as shaking.","Earthquakes are caused by the movement of tectonic plates in the Earth's crust, which is the outermost layer of our planet. The Earth's crust is divided into several large and small pieces called tectonic plates that float on the semi-fluid asthenosphere (a layer of partially molten rock beneath the crust). These plates are constantly moving very slowly—typically at rates of a few centimeters per year—and their interactions with each other are responsible for most seismic activity.

### Types of Plate Boundaries

There are three main types of plate boundaries where earthquakes are most commonly found:

1. **Divergent Boundaries**: At these boundaries, two tectonic plates move away from each other. As they do so, the Earth's crust thins and melts to form new crust. This process can lead to the formation of mid-ocean ridges or rift valleys. However, if the plates are still relatively close together, tensional forces can cause the crust to break, leading to earthquakes.

2. **Convergent Boundaries**: Here, two tectonic plates move towards each other. Depending on the type of crust involved, this can result in subduction (where one plate slides under another), collision (where two continental plates collide), or transform faults (where two plates slide past each other). Subduction zones are particularly prone to generating large earthquakes due to the immense pressure and friction involved as one plate descends beneath another.

3. **Transform Boundaries**: At these boundaries, two tectonic plates slide past each other horizontally. While these boundaries are less common for generating large earthquakes, they can still produce significant seismic activity. An example is the San Andreas Fault in California, which is a transform boundary.

### Seismic Waves

When an earthquake occurs, it generates seismic waves that travel through the Earth. There are two main types of seismic waves: body waves and surface waves.

- **Body Waves**: These waves travel through the interior of the Earth and include P-waves (primary or compressional waves) and S-waves (secondary or shear waves).
  - **P-Waves**: These are the fastest waves and can travel through both solids and liquids. They cause particles to move back and forth in the direction of wave propagation.
  - **S-Waves**: These are slower than P-waves and can only travel through solids. They cause particles to move perpendicular to the direction of wave propagation.

- **Surface Waves**: These waves travel along the Earth's surface and include Love waves and Rayleigh waves.
  - **Love Waves**: These cause horizontal side-to-side motion.
  - **Rayleigh Waves**: These are the most destructive type of surface wave, causing ground rolling similar to ocean waves.

### Factors Influencing Earthquake Magnitude

The magnitude of an earthquake depends on several factors:

- **Seismic Moment**: This is the measure of the total energy released during an earthquake and is related to the size of the fault rupture and the amount of slip.
- **Fault Length and Width**: Larger faults can release more energy, potentially resulting in larger earthquakes.
- **Depth of Focus**: Deeper earthquakes generally have lower magnitudes because the energy spreads out over a larger area.
- **Seismicity**: Areas with a history of frequent earthquakes may experience larger magnitudes due to the accumulation of stress over time.

### Other Causes of Earthquakes

While most earthquakes are caused by tectonic movements, there are some other, less common causes:

- **Volcanic Activity**: Volcanic eruptions can generate seismic waves as magma moves within the Earth.
- **Human Activities**: Large-scale mining operations, underground nuclear tests, and reservoir impoundment can induce small earthquakes.
- **Tsunamis**: Although not technically earthquakes, tsunamis are often triggered by underwater earthquakes, especially those occurring near coastal areas.

In summary, earthquakes are primarily caused by the movement of tectonic plates, but they can also be influenced by various other geological processes. Understanding these mechanisms helps in predicting and mitigating the effects of earthquakes.",28,23,626
14,How does a battery produce electricity?,"A battery produces electricity through chemical reactions that convert chemical energy into electrical energy, typically involving the movement of ions between electrodes in an electrolyte solution.","A battery produces electricity through chemical reactions that convert chemical energy into electrical energy. This process occurs within the battery's electrodes and electrolytes, where ions move to create an electric current when the battery is connected to a circuit.","A battery produces electricity through a chemical process that involves the movement of electrons from one material to another, typically between two different metals or metal compounds. This process is based on the principles of electrochemistry, which studies the interactions between electric charges in chemical substances.

### Basic Components of a Battery

1. **Electrolyte**: A liquid or gel-like substance that conducts ions (charged particles) between the electrodes. Common electrolytes include sulfuric acid in lead-acid batteries and potassium hydroxide in alkaline batteries.
2. **Anode (Negative Terminal)**: The electrode where oxidation occurs, meaning electrons are lost by the material. In a lead-acid battery, this is typically made of lead.
3. **Cathode (Positive Terminal)**: The electrode where reduction occurs, meaning electrons are gained by the material. In a lead-acid battery, this is typically made of lead dioxide.
4. **Separator**: A non-conductive material placed between the anode and cathode to prevent direct contact and short-circuiting of the battery.

### Chemical Reactions

The fundamental reaction in a battery involves the transfer of electrons from the anode to the cathode via an external circuit. This transfer creates a flow of electrical current.

#### Lead-Acid Battery Example

In a typical lead-acid battery, the following reactions occur:

**Anode (Lead):**
\[ \text{Pb} + \text{H}_2\text{SO}_4 \rightarrow \text{PbSO}_4 + 2\text{H}^+ + 2e^- \]

**Cathode (Lead Dioxide):**
\[ \text{PbO}_2 + 4\text{H}^+ + 2e^- \rightarrow \text{PbSO}_4 + 2\text{H}_2\text{O} \]

When these reactions take place, electrons are released at the anode and accepted at the cathode, creating a net flow of electrons through an external circuit. The overall reaction can be summarized as:
\[ \text{Pb} + \text{PbO}_2 + 2\text{H}_2\text{SO}_4 \rightarrow 2\text{PbSO}_4 + 2\text{H}_2\text{O} \]

### Energy Conversion

The energy conversion in a battery is essentially the transformation of chemical energy into electrical energy. When the battery discharges, the chemical reactions reverse, converting electrical energy back into chemical energy.

### Factors Affecting Battery Performance

- **Chemical Composition**: Different materials used for the anode, cathode, and electrolyte affect the efficiency and longevity of the battery.
- **Temperature**: Temperature affects the rate of chemical reactions and thus the performance of the battery.
- **Charge State**: The state of charge of the battery impacts its capacity and efficiency.
- **Cycle Life**: The number of times a battery can be charged and discharged before it loses significant capacity.

### Conclusion

In summary, a battery generates electricity through a series of chemical reactions involving the transfer of electrons between the anode and cathode. These reactions are facilitated by an electrolyte, which allows ions to move freely between the electrodes. The overall process converts stored chemical energy into electrical energy, which can then be used to power devices. Understanding these fundamental processes helps in designing more efficient and sustainable battery technologies.",26,39,450
15,Why does metal feel colder than wood?,"Metal generally feels colder than wood because it conducts heat away from the skin more efficiently, making it perceived as cooler to the touch.","Metal typically feels colder than wood because it conducts heat away from your skin more efficiently, making it appear cooler to the touch.","The sensation of coldness when touching metal versus wood is primarily due to the way these materials conduct heat and their inherent temperatures, rather than a fundamental difference in their physical properties that would make one inherently colder. Let's break this down in detail:

### Temperature Considerations
1. **Initial Temperature**: If you touch a piece of metal and a piece of wood at the same initial temperature, they will feel equally warm or cool to the touch. The only difference would be if one was recently heated or cooled compared to the other.
   
2. **Heat Conductivity**: Metals are generally better conductors of heat than most non-metals like wood. This means that if you touch a metal object that has been exposed to a cooler environment for a long time, it will feel colder than an equivalent piece of wood that has been exposed to the same environment.

### Thermal Properties
1. **Thermal Conductivity**: Metals have high thermal conductivity, meaning they can transfer heat quickly from their surface to your skin. Wood, on the other hand, has low thermal conductivity, which means it takes longer for heat to be transferred from its surface to your skin.

2. **Specific Heat Capacity**: Metals also tend to have higher specific heat capacities compared to some woods. Specific heat capacity is a measure of how much heat energy is required to raise the temperature of a substance by a certain amount. Higher specific heat capacities mean that metals require more energy to change their temperature, making them feel colder initially.

### Surface Texture and Roughness
1. **Surface Texture**: Metal surfaces often have a smoother texture compared to wood, which can make them feel colder. Smooth surfaces allow heat to escape more easily from your skin into the air, making the metal feel colder.

2. **Roughness**: Wood, especially rougher types like oak or cedar, can trap air next to the skin, creating a layer that insulates against heat loss. This insulation makes wood feel warmer compared to smooth metal surfaces.

### Psychological Factors
1. **Psychological Perception**: Our perception of temperature can be influenced by psychological factors. For example, we might associate metal with being cold because of its use in refrigerators or cold storage areas. Similarly, wood might be associated with warmth because of its use in furniture and flooring.

### Practical Examples
- **Cold Metal Surfaces**: A metal spoon left in a hot soup will feel very cold to the touch, while a wooden spoon will not feel as cold.
- **Cold Air**: Cold air feels colder than warm air, but this is not due to the material itself but rather the temperature of the air.

In summary, metal typically feels colder than wood because of its superior heat conduction and lower specific heat capacity, leading to faster heat loss from your skin. However, this is not a universal rule and can vary based on the specific conditions and materials involved.",24,23,486
16,What is gravity?,"Gravity is a natural force that attracts two bodies towards each other, particularly the interaction between mass and energy as described by Einstein's theory of general relativity.",Gravity is a natural phenomenon by which physical bodies attract with a force proportional to their mass. It is one of the four fundamental forces of physics and governs nearly all known interactions in the universe.,"Gravity is one of the fundamental forces of nature, which governs the motion of objects with mass or energy in the universe. It is a universal force that attracts two bodies towards each other. Here's a detailed explanation of gravity:

### Nature and Origin

1. **Universal Attraction**: Gravity acts between any two masses, regardless of their composition or distance apart. This means that every particle of matter in the universe attracts every other particle.

2. **Inverse Square Law**: The strength of gravitational attraction between two objects decreases with the square of the distance between them. This relationship is described by Newton's law of universal gravitation.

3. **Gravitational Constant (G)**: The strength of gravity is quantified by the gravitational constant (G), which is approximately \(6.674 \times 10^{-11} \, \text{m}^3 \text{kg}^{-1} \text{s}^{-2}\). This constant helps to determine the magnitude of gravitational forces between objects.

### Historical Development

1. **Newtonian Gravity**: Sir Isaac Newton formulated his laws of motion and universal gravitation in the late 17th century. His theory explained the orbits of planets around the sun and the tides as due to gravitational forces.

2. **General Relativity**: In the early 20th century, Albert Einstein developed general relativity, which provides a more accurate description of gravity, especially for large-scale phenomena like the behavior of black holes and the expansion of the universe.

### Key Concepts

1. **Mass and Energy**: Gravity is directly proportional to mass and energy. More massive objects exert stronger gravitational forces.

2. **Curvature of Space-Time**: According to general relativity, massive objects cause spacetime to curve. This curvature affects the paths that objects follow, causing them to move along geodesics (the shortest path between two points in curved space-time).

3. **Gravitational Waves**: These are ripples in the fabric of spacetime caused by some of the most violent and energetic processes in the Universe. They were first predicted by Einstein and have been observed experimentally.

### Everyday Observations

1. **Planetary Orbits**: Planets orbit stars because of the gravitational pull between them. The same principle applies to moons orbiting planets and comets orbiting the Sun.

2. **Atmospheric Phenomena**: Gravity causes air to be pulled downward, creating pressure and wind patterns on Earth.

3. **Human Activities**: The force of gravity keeps us grounded and allows us to walk without floating away. It also influences how we design buildings and spacecraft.

### Applications and Implications

1. **Engineering and Construction**: Engineers must consider gravitational forces when designing structures to ensure they can withstand the weight of materials and occupants.

2. **Astronomy and Astrophysics**: Understanding gravity is crucial for studying celestial bodies, galaxies, and the structure of the universe itself.

3. **Space Exploration**: Gravitational forces influence the trajectories of spacecraft and the design of satellites and space stations.

In summary, gravity is a pervasive force that shapes the cosmos from the smallest particles to the largest structures in the universe. Its effects are profound and far-reaching, influencing everything from the orbits of planets to the behavior of light itself.",27,36,492
17,How does gradient descent work?,Gradient descent is an optimization algorithm that works by iteratively moving in the direction of the steepest decrease of a given function (the negative gradient) to locate the minimum of the function.,"Gradient descent is an optimization algorithm that works by iteratively moving in the direction of the steepest decrease of a given function (the negative gradient). Starting from an initial guess, it updates the parameters to minimize the function until convergence to a local minimum is reached.","Gradient descent is an optimization algorithm used to find the minimum of a function. It's particularly useful in machine learning for minimizing the cost or loss functions that are common in models like linear regression, logistic regression, neural networks, and support vector machines. The core idea behind gradient descent is to iteratively adjust the parameters of the model in the direction of steepest descent as defined by the negative of the gradient (or derivative) of the function with respect to the parameters.

### Key Concepts

1. **Objective Function**: This is the function we want to minimize. In machine learning, this is often the error or loss function that measures how well our model fits the data.

2. **Gradient**: The gradient of the objective function at a given point is a vector that points in the direction of the steepest ascent of the function. To find the minimum, we need to move in the opposite direction of the gradient.

3. **Learning Rate**: This is a hyperparameter that determines the size of the steps taken towards the minimum. If it's too small, the process can be very slow. If it's too large, the algorithm might overshoot the minimum.

### Steps of Gradient Descent

1. **Initialization**: Start with an initial guess for the parameters, often set randomly or using some heuristic method.

2. **Compute the Gradient**: Calculate the gradient of the objective function with respect to the parameters. This involves taking the partial derivatives of the function with respect to each parameter.

3. **Update Parameters**: Move in the direction of the negative gradient to update the parameters. The new parameters are calculated as:
   \[
   \theta_{\text{new}} = \theta_{\text{old}} - \alpha \nabla J(\theta_{\text{old}})
   \]
   where \(\theta\) represents the parameters, \(J\) is the objective function, \(\alpha\) is the learning rate, and \(\nabla J\) is the gradient of \(J\).

4. **Repeat**: Repeat steps 2 and 3 until the parameters converge to a minimum or a predefined number of iterations have been reached.

### Types of Gradient Descent

1. **Batch Gradient Descent**: Computes the gradient over the entire dataset in each iteration. This is computationally expensive but ensures convergence to the global minimum. It is rarely used in practice due to its high computational cost.

2. **Stochastic Gradient Descent (SGD)**: Computes the gradient over one randomly selected example in each iteration. This is much faster than batch gradient descent but can be more noisy, leading to slower convergence and a higher chance of getting stuck in local minima.

3. **Mini-batch Gradient Descent**: A compromise between batch and stochastic gradient descent. Instead of using a single example or the entire dataset, it uses a small batch of examples. This balances the speed of SGD with the accuracy of batch gradient descent.

### Convergence

The process of gradient descent continues until the change in the objective function becomes very small or reaches a predefined threshold. The choice of the learning rate and the stopping criterion can significantly affect the performance and efficiency of the algorithm.

### Challenges

- **Local Minima**: Gradient descent may get stuck in local minima, especially if the function has multiple minima.
- **Plateaus**: The function might have flat regions where the gradient is close to zero, making it difficult to proceed.
- **Non-Convex Functions**: For non-convex functions, there might not be a global minimum, and the algorithm could converge to a saddle point or another suboptimal solution.

### Summary

Gradient descent is a fundamental technique in machine learning for optimizing the parameters of a model. By iteratively moving in the direction of the negative gradient, it helps in finding the minimum of the objective function. However, careful tuning of the learning rate and other parameters is crucial for effective convergence.",32,46,614
18,What is a black hole?,"A black hole is a region of space from which nothing, not even light, can escape due to its strong gravitational pull.","A black hole is a region of space from which nothing, not even light, can escape due to its强大的gravitational pull, resulting from the collapse of a massive star.","A black hole is one of the most fascinating and mysterious objects in the universe, resulting from the collapse of a massive star under its own gravity. Here's a detailed explanation of what a black hole is, how it forms, and some of its key characteristics:

### Formation of a Black Hole

1. **Massive Star Collapse**: A black hole typically begins as a very large star (at least 3 to 15 times the mass of our Sun) that has exhausted its nuclear fuel. When such a star runs out of fuel, it can no longer support itself against its own gravitational pull.

2. **Core Collapse**: The core of the star collapses inward due to the force of gravity. This collapse continues until the density of the core becomes so high that not even light can escape from it. At this point, a singularity is formed, which is a region where the laws of physics as we understand them break down.

3. **Event Horizon**: As the collapsing matter gets denser, it creates an event horizon—a boundary around the singularity beyond which nothing, not even light, can escape. This is the defining characteristic of a black hole. Any object or radiation that crosses this boundary is lost forever.

### Key Characteristics of Black Holes

1. **Singularity**: At the center of a black hole lies a singularity, a point of infinite density and zero volume. The laws of physics as we know them break down at this point.

2. **Event Horizon**: This is the boundary around the singularity within which the gravitational pull is so strong that nothing, not even light, can escape. It marks the point of no return for anything that ventures inside.

3. **Gravitational Pull**: The gravitational pull of a black hole is extremely strong. Even light cannot escape once it crosses the event horizon, hence the term ""black.""

4. **Ergosphere**: In rotating black holes, there is an area called the ergosphere where space and time are dragged along with the rotation of the black hole. This effect is known as frame-dragging.

5. **Horizons**: There are actually two horizons associated with a black hole: the event horizon and the Cauchy horizon. The event horizon is the boundary beyond which nothing can escape, while the Cauchy horizon is a theoretical boundary where the effects of the singularity become infinitely strong.

6. **Black Hole Shadow**: Due to the extreme curvature of spacetime near a black hole, the shadow cast by a black hole appears dark against the background light. This shadow can be observed using telescopes, providing indirect evidence of the presence of a black hole.

### Types of Black Holes

1. **Stellar Black Holes**: These are the smallest type of black holes, formed from the collapse of massive stars. They have masses ranging from about 3 to 20 times that of the Sun.

2. **Supermassive Black Holes**: These are found at the centers of galaxies and can have masses ranging from millions to billions of solar masses. Their formation remains a mystery but is believed to involve the merging of smaller black holes over billions of years.

3. **Intermediate Black Holes**: These are less common and have masses between those of stellar and supermassive black holes. Their existence is still debated among scientists.

### Observations and Detection

While black holes themselves do not emit light, their presence can be inferred through various observations:
- **Accretion Disks**: Material falling into a black hole heats up and emits X-rays, visible light, and other types of electromagnetic radiation.
- **Gravitational Waves**: The collision and merger of black holes produce ripples in spacetime called gravitational waves, which can be detected by instruments like LIGO and Virgo.
- **Microlensing Events**: The bending of light by a black hole can cause temporary brightening of distant stars, providing indirect evidence of their presence.

In summary, a black hole is a region in space where the gravitational pull is so strong that nothing, not even light, can escape. It is formed when a massive star collapses under its own gravity, creating a singularity surrounded by an event horizon. Understanding black holes is crucial for advancing our knowledge of general relativity, quantum mechanics, and the ultimate fate of matter and energy in the universe.",22,28,704
19,Why does water evaporate?,"Water evaporates due to the sun's energy breaking the liquid water molecules into gas, a process that requires heat and increases with temperature.",Water evaporates because the sun's energy causes water molecules to gain enough energy to transition from liquid to gas phase.,"Water evaporation is a fundamental process that occurs when liquid water transforms into its gaseous state, specifically water vapor. This process is driven by the kinetic energy of the molecules in the water. Here's a detailed explanation of why water evaporates:

1. **Kinetic Energy and Temperature**: Water molecules have kinetic energy due to their thermal motion. At any given temperature, these molecules are moving at various speeds. The faster-moving molecules have more energy than the slower ones.

2. **Energy Requirement**: For water to evaporate, the molecules need enough energy to overcome the intermolecular forces (mainly hydrogen bonding) that hold them together in the liquid phase. This energy comes from the surroundings, typically in the form of heat.

3. **Temperature Dependence**: The rate of evaporation increases with temperature. Higher temperatures provide more kinetic energy to the molecules, making it easier for them to escape from the liquid surface into the air as gas. This is why hot water evaporates faster than cold water.

4. **Surface Area**: The larger the surface area exposed to the air, the faster the evaporation rate. This is why puddles on a hot day dry up more quickly than a small puddle in a shaded area.

5. **Air Movement**: Evaporation is enhanced by air movement, such as wind. Wind helps to carry away the water vapor from the surface, reducing the concentration of water vapor near the surface and thus increasing the rate of evaporation.

6. **Humidity**: The relative humidity of the air also affects evaporation. When the air is already saturated with water vapor (high humidity), there is less space for additional water vapor, slowing down the evaporation process. Conversely, in drier conditions (low humidity), more water can evaporate.

7. **Chemical Properties**: Different substances have different rates of evaporation. Some substances, like alcohol or acetone, evaporate much faster than others like olive oil or butter because they have lower boiling points and higher volatility.

8. **Thermodynamics**: Evaporation is an endothermic process, meaning it absorbs heat from the surroundings. This is why evaporative cooling works: as water evaporates, it takes heat away from the surrounding environment, lowering the temperature.

9. **Phase Transition**: Evaporation is one of the three main phase transitions of matter (the other two being condensation and sublimation). It represents a transition from the liquid phase to the gas phase.

10. **Biological and Industrial Applications**: Understanding evaporation is crucial in many fields, including agriculture (drying crops), food processing (canning and drying), and industrial applications (evaporative cooling systems).

In summary, water evaporation is a complex process influenced by numerous factors, but fundamentally, it is driven by the need for water molecules to gain enough kinetic energy to break free from the liquid and enter the gaseous state.",23,20,451
20,How does a compiler work?,"A compiler translates high-level programming code into machine-language code that a computer can execute, converting source code line by line or in blocks during the compilation process.","A compiler translates high-level programming language code into machine language code that a computer can execute. It works by parsing the source code, resolving syntax and semantics, generating intermediate code, and then optimizing and emitting executable code or an object file.","A compiler is a software tool that translates source code written in a high-level programming language into machine code, which can be executed by a computer's processor. This process involves several key steps, each of which plays a crucial role in the compilation process. Let's break down how a compiler works in detail:

### 1. **Input Source Code**
The process begins with the source code, which is written in a high-level programming language such as C++, Java, Python, or JavaScript. This source code is typically written using an Integrated Development Environment (IDE) or text editor.

### 2. **Preprocessing**
Before actual compilation begins, the preprocessor stage is often performed. The preprocessor reads the source code and performs certain tasks:
- **Macro Substitution:** Replaces macro definitions with their corresponding values.
- **Conditional Compilation:** Allows for conditional inclusion of code based on compile-time conditions.
- **Include Directives:** Reads and includes files from the standard library or other external sources.

### 3. **Syntax Analysis (Parsing)**
The syntax analysis phase involves parsing the source code to ensure it adheres to the rules of the programming language. This is done using a parser, which constructs a parse tree (also known as an abstract syntax tree or AST). The parser checks the structure of the code against the grammar defined by the language specification.

### 4. **Semantic Analysis**
After the syntax is checked, the semantic analysis phase occurs. This step involves checking the meaning of the code rather than just its structure. It includes:
- **Type Checking:** Ensuring that variables, expressions, and statements are used correctly according to the type system of the language.
- **Scope Resolution:** Determining the visibility and accessibility of identifiers within the program.
- **Checking for Errors:** Identifying any logical errors or undefined behavior.

### 5. **Intermediate Representation (IR) Generation**
Once the syntax and semantics are verified, the intermediate representation (IR) is generated. This IR is a simplified form of the source code that can be more easily translated into machine code. The IR might include optimizations like constant folding, dead code elimination, and loop unrolling.

### 6. **Code Generation**
The code generation phase takes the IR and generates machine code. This involves translating the IR into instructions that the CPU can execute. Different compilers may use different backends, but common targets include x86, ARM, MIPS, and others.

### 7. **Optimization**
During this phase, various optimization techniques are applied to improve the efficiency and performance of the generated machine code. Common optimizations include:
- **Instruction Selection:** Choosing the most efficient set of instructions for a given operation.
- **Register Allocation:** Deciding which registers to use for storing variables and ensuring that no two variables are stored in the same register at the same time.
- **Dead Code Elimination:** Removing sections of code that do not affect the final output.
- **Loop Optimization:** Reducing the number of iterations in loops and improving the efficiency of loop execution.

### 8. **Linking**
If the program consists of multiple modules (e.g., object files), the linking phase combines them into a single executable. This involves resolving references between different modules and creating a symbol table that maps function names to addresses.

### 9. **Output**
Finally, the compiled machine code is outputted. For interpreted languages, the compiled code is run directly by an interpreter. For compiled languages, the resulting machine code can be executed by the operating system.

### Summary
In summary, a compiler processes the source code through several stages: preprocessing, syntax analysis, semantic analysis, intermediate representation generation, code generation, optimization, and linking. Each stage serves to refine and transform the source code into executable machine code, ensuring that the program functions correctly and efficiently.",27,41,607
21,What is mechanistic interpretability?,"Mechanistic interpretability refers to the ability to understand how a machine learning model arrives at its predictions by breaking down the process into its underlying, interpretable components or mechanisms.","Mechanistic interpretability refers to the ability to understand how a machine learning model arrives at its predictions by breaking down the process into its underlying mechanisms or rules, often through methods like rule extraction or symbolic representation.","Mechanistic interpretability is a concept in machine learning and artificial intelligence that focuses on understanding the underlying mechanisms or processes by which a model makes its predictions. Unlike other forms of interpretability, such as feature importance or global explanations, mechanistic interpretability aims to provide insights into how individual components or steps within a model contribute to its final output.

### Key Characteristics

1. **Component-Level Understanding**: Mechanistic interpretability seeks to break down the model into its constituent parts and understand how each part contributes to the overall prediction. This can include understanding the role of specific neurons, layers, or algorithms within a neural network.

2. **Process Visualization**: It often involves visualizing the decision-making process of the model, showing how inputs are transformed through various stages until they lead to an output. This can be particularly useful for complex models like deep neural networks where it's challenging to see the direct relationship between input features and outputs.

3. **Interpretation of Algorithms**: For non-neural network models, this might involve explaining how different algorithms (e.g., decision trees, support vector machines) make decisions based on their internal logic and parameters.

4. **Explainable AI (XAI)**: Mechanistic interpretability is closely related to Explainable AI (XAI), which is the broader field dedicated to making AI systems more understandable and transparent. XAI encompasses various techniques aimed at improving interpretability across different types of AI models.

### Applications

1. **Debugging and Troubleshooting**: In scenarios where a model performs poorly, mechanistic interpretability can help identify problematic components or interactions that need adjustment.
   
2. **Model Trust and Compliance**: In industries where transparency and accountability are crucial (e.g., healthcare, finance), mechanistic interpretability helps build trust in AI systems by providing clear explanations for their actions.

3. **User Interface Design**: For applications where users interact with AI systems directly (e.g., chatbots, recommendation engines), mechanistic interpretability can inform the design of user interfaces to make them more intuitive and easier to use.

### Challenges

1. **Complexity**: Many modern AI models, especially deep neural networks, have millions of parameters and complex architectures, making it difficult to trace every single input-output relationship.

2. **Overfitting**: Models may overfit to training data, leading to overly complex interpretations that do not generalize well to new data.

3. **Noise and Ambiguity**: Real-world data often contains noise and ambiguities, complicating the interpretation of model outputs.

4. **Lack of Standardization**: There is no universally accepted framework for mechanistic interpretability, leading to variability in approaches and results.

### Techniques

1. **Neuron Activation Analysis**: For neural networks, analyzing the activation patterns of individual neurons during inference can reveal which features are most important at different stages of processing.

2. **Saliency Maps**: These maps highlight the contribution of each pixel or feature to the final prediction, helping to visualize which parts of the input are most influential.

3. **Gradient-Based Methods**: Techniques like gradient-weighted class activation mapping (Grad-CAM) use gradients to identify regions of the input image that are most relevant to the model's decision.

4. **Shapley Values**: A method from game theory used to determine the contribution of each feature to the model's prediction, providing a fair attribution mechanism.

5. **Rule Extraction**: For simpler models, rule extraction methods can convert complex decision rules into human-readable formats.

### Conclusion

Mechanistic interpretability is a powerful tool for gaining deeper insights into AI models, enhancing their reliability, and ensuring they are used responsibly. By focusing on the underlying processes and components of models, researchers and practitioners can develop more robust and trustworthy AI systems. However, achieving true mechanistic interpretability remains a significant challenge due to the complexity and diversity of modern AI models.",29,37,594
22,What is NLP?,"NLP stands for Natural Language Processing, which is a field of study that deals with the interaction between computers and humans using natural language.","NLP stands for Natural Language Processing, which is a field of study that deals with the interaction between computers and humans using natural language.","Natural Language Processing (NLP) is a field of study in computer science, artificial intelligence, and linguistics that focuses on the interaction between computers and human language. The goal of NLP is to enable computers to understand, interpret, and generate human language in a way that is useful and meaningful.

### Key Components of NLP

1. **Language Understanding**: This involves processing text or speech to extract meaning from it. It includes tasks like part-of-speech tagging, named entity recognition, sentiment analysis, and more.
   
2. **Language Generation**: This involves creating text or speech that sounds natural and is appropriate for the context. Examples include summarization, translation, and chatbot responses.

3. **Speech Recognition**: Converting spoken words into written text. This is often used in virtual assistants like Siri, Alexa, and Google Assistant.

4. **Machine Translation**: Automatically translating text from one language to another. This is crucial for global communication and business operations.

5. **Information Extraction**: Extracting structured information from unstructured data such as text documents, emails, and web pages.

6. **Text Classification**: Categorizing text into predefined categories or classes based on its content. For example, classifying news articles into different topics.

7. **Question Answering Systems**: Systems that can answer questions posed by humans in natural language. These systems are often integrated into search engines and virtual assistants.

### Applications of NLP

- **Virtual Assistants**: Like Siri, Alexa, and Google Assistant, which use NLP to understand user commands and provide relevant responses.
  
- **Customer Service Chatbots**: Used by companies to handle customer inquiries and complaints, providing quick and efficient support.
  
- **Healthcare**: NLP helps in analyzing medical records, extracting patient symptoms, and assisting in diagnosis.
  
- **Finance**: Used for fraud detection, risk assessment, and financial advice generation.
  
- **Social Media Monitoring**: Analyzing social media posts to track public sentiment, monitor brand reputation, and detect trends.
  
- **Legal Industry**: Automating document review, contract analysis, and legal research.
  
- **Education**: Personalized learning experiences, automated grading, and intelligent tutoring systems.

### Challenges in NLP

- **Ambiguity**: Natural language is inherently ambiguous due to idioms, slang, and multiple meanings of words.
  
- **Contextual Understanding**: NLP models need to understand the context in which words are used to accurately interpret sentences.
  
- **Domain-Specific Knowledge**: Many NLP applications require domain-specific knowledge, which can be challenging to incorporate into general-purpose models.
  
- **Data Quality**: High-quality training data is essential for accurate NLP models, but obtaining such data can be difficult and expensive.

### Future Directions

- **Multimodal NLP**: Integrating visual and audio inputs with text to create more comprehensive understanding of human communication.
  
- **Continuous Learning Models**: Developing models that can learn continuously from new data without requiring retraining.
  
- **Ethical Considerations**: Ensuring that NLP systems are fair, transparent, and do not perpetuate biases present in the training data.

In summary, NLP is a broad and complex field that aims to bridge the gap between human language and machine processing, enabling computers to better understand and interact with the world around us.",24,24,490
23,Why is fire hot?,"Fire is hot because it involves the rapid oxidation of fuel, which releases energy primarily in the form of heat according to the chemical reaction known as combustion.","Fire is hot because it involves rapid oxidation that releases heat energy as a byproduct, according to the chemical reaction of combustion.","Fire is considered ""hot"" because it involves the rapid oxidation of fuel, typically a combustible material like wood, paper, or gasoline, in the presence of oxygen. This process releases heat energy as part of its chemical reaction. Let's break down this process in more detail:

1. **Combustion Process**: When a fuel (such as wood, paper, or natural gas) comes into contact with oxygen, a chemical reaction occurs. This reaction is called combustion. The fuel molecules combine with oxygen molecules to form new compounds, releasing energy in the form of heat and light.

2. **Heat Release**: During combustion, the bonds between atoms in the fuel are broken and new bonds are formed in the products. This breaking and forming of bonds requires energy, which is released as heat. The amount of heat released depends on the type of fuel and the conditions under which the combustion takes place.

3. **Temperature Increase**: As the heat is released, the temperature of the fuel and the surrounding environment increases. This increase in temperature is what we perceive as ""hot."" The rate at which the temperature rises can vary depending on factors such as the amount of fuel, the oxygen supply, and the presence of any accelerants or inhibitors.

4. **Radiant Heat**: In addition to the heat that is conducted through the fuel and the air around it, there is also radiant heat. This is the heat that travels through space as electromagnetic waves. Radiant heat can be felt even when you cannot see the flames directly, making it a significant factor in how fire feels ""hot.""

5. **Conduction and Convection**: Fire also transfers heat through conduction (heat moving from one object to another through direct contact) and convection (heat moving through the movement of fluids). These mechanisms help to distribute the heat throughout the area where the fire is present, contributing to the overall sensation of heat.

6. **Safety Considerations**: The heat produced by fire can be extremely dangerous. It can cause burns, ignite flammable materials, and pose risks to human health and safety. Understanding why fire is hot helps in developing strategies for preventing fires and safely managing them if they occur.

In summary, fire is hot due to the chemical reaction of combustion, which releases heat energy as a byproduct. This heat is responsible for the warmth we feel and the dangers associated with fire.",28,22,393
24,How does a transformer work?,"A transformer works by transferring electrical energy between two or more circuits through electromagnetic induction, allowing voltage to be stepped up or down without changing the frequency of the alternating current.","A transformer works by using the principle of electromagnetic induction to transfer electrical energy between two or more circuits. It consists of two coils (primary and secondary) wound around a common iron core. When an alternating current flows through the primary coil, it creates a varying magnetic field that induces a voltage in the secondary coil, allowing for the transformation of electrical power from one voltage level to another.","A transformer is an electrical device that transfers electrical energy from one circuit to another through inductively coupled conductors—the transformer's coils. It is essentially a stationary electrical machine designed to increase or decrease alternating current (AC) voltage while keeping the frequency constant. Here’s a detailed explanation of how a transformer works:

### Basic Components
1. **Primary Coil**: This is the input coil where the high voltage or low voltage AC current enters the transformer.
2. **Secondary Coil**: This is the output coil where the transformed voltage appears.
3. **Core (or Core Material)**: The core is made of ferromagnetic material such as laminated silicon steel sheets, which are stacked together to minimize magnetic leakage and eddy currents.

### Operation Principle
The operation of a transformer relies on the principle of electromagnetic induction, which was discovered by Michael Faraday. According to Faraday's law of induction, a changing magnetic flux through a coil induces an electromotive force (EMF) in that coil.

### How It Works
1. **Magnetic Flux**: When an alternating current flows through the primary coil, it creates a time-varying magnetic field around the coil. This magnetic field is concentrated within the core due to the magnetic properties of the core material.

2. **Magnetic Coupling**: The magnetic field from the primary coil induces a similar but opposite magnetic field in the secondary coil. This induced magnetic field causes electrons to flow in the secondary coil, creating an alternating current.

3. **Voltage Transformation**: The amount of voltage transformation depends on the number of turns in each coil. If the number of turns in the secondary coil is greater than the number of turns in the primary coil, the secondary voltage will be higher than the primary voltage. Conversely, if the secondary coil has fewer turns than the primary coil, the secondary voltage will be lower.

### Types of Transformers
- **Step-Up Transformer**: Increases the voltage from the primary to the secondary coil.
- **Step-Down Transformer**: Decreases the voltage from the primary to the secondary coil.
- **Auto-transformer**: A type of step-down transformer that uses a single winding with taps to provide both stepped-up and stepped-down voltages.

### Efficiency and Limitations
Transformers are highly efficient devices, typically operating at efficiencies above 95%. However, they do have some limitations:
- **Energy Losses**: There are two main types of energy losses in transformers: copper loss (due to resistance in the windings) and iron loss (due to hysteresis and eddy currents in the core).
- **Size and Weight**: Transformers can be large and heavy, especially for high-voltage applications.
- **Noise and Heat**: Transformers generate noise and produce heat during operation, which must be managed.

### Applications
Transformers are used in various applications including power distribution, electric motors, audio equipment, and electronic circuits. They play a crucial role in converting high voltage to low voltage for long-distance transmission and distributing electricity efficiently, and vice versa.

In summary, a transformer operates based on the principles of electromagnetic induction, allowing it to transform electrical energy between different voltage levels without changing the frequency of the alternating current.",31,69,507
25,What is quantum computing?,"Quantum computing is a type of computing that uses quantum-mechanical phenomena, such as superposition and entanglement, to perform operations on data, potentially solving complex problems much faster than classical computers.","Quantum computing is a type of computing where data is processed using quantum-mechanical phenomena, such as superposition and entanglement, to perform operations on large amounts of data that would be practically impossible for a classical computer.","Quantum computing is a type of computing that uses quantum-mechanical phenomena, such as superposition and entanglement, to perform operations on data. Unlike classical computers that use bits (which are represented by either a 0 or a 1), quantum computers use quantum bits, or qubits. These qubits can exist in multiple states simultaneously due to the principle of superposition, which allows quantum computers to process a vast amount of possibilities at once.

Here's a more detailed breakdown:

### Basic Principles

1. **Superposition**: This is one of the fundamental principles of quantum mechanics. In a classical computer, a bit can be either 0 or 1. However, in a quantum computer, a qubit can be in a state that is a combination of both 0 and 1 simultaneously. This is known as superposition. Mathematically, this can be represented as:
   \[
   |\psi\rangle = \alpha|0\rangle + \beta|1\rangle
   \]
   where \(|\alpha|^2\) represents the probability of measuring the qubit as 0, and \(|\beta|^2\) represents the probability of measuring it as 1.

2. **Entanglement**: Another key principle is entanglement, where pairs or groups of particles interact in such a way that the quantum state of each particle cannot be described independently of the state of the others, even when the particles are separated by large distances. This phenomenon allows quantum computers to perform certain calculations much faster than classical computers.

3. **Quantum Interference**: Quantum interference is used to amplify the probabilities of desired outcomes and cancel out those of undesired ones. This technique helps in achieving high fidelity in quantum computations.

### Quantum Gates

Quantum gates are analogous to logic gates in classical computing but operate on qubits instead of bits. They manipulate the state of qubits using quantum-mechanical operations. Common quantum gates include the Hadamard gate, which puts a qubit into a superposition state; the Pauli-X gate, which flips the state of a qubit; and the CNOT (Controlled-NOT) gate, which performs a NOT operation on the second qubit if the first qubit is in the state |1⟩.

### Quantum Algorithms

Quantum algorithms are designed to take advantage of the unique properties of quantum mechanics. Some notable examples include:

- **Shor's Algorithm**: This algorithm can factorize large numbers exponentially faster than the best-known classical algorithms. It has significant implications for cryptography, as many encryption methods rely on the difficulty of factoring large numbers.
  
- **Grover's Algorithm**: This algorithm provides a quadratic speedup over classical search algorithms for unstructured databases. It is particularly useful for searching an unsorted database of \(N\) items in approximately \(\sqrt{N}\) steps.

### Challenges and Limitations

While quantum computing offers tremendous potential, there are several challenges and limitations:

- **Error Rates**: Quantum systems are highly susceptible to decoherence and other errors due to their delicate nature. Maintaining coherence and reducing error rates is crucial for practical applications.
  
- **Scalability**: Building large-scale quantum computers with a high number of qubits and low error rates remains a significant challenge. Current quantum computers typically have only a few dozen qubits, and maintaining these qubits in a coherent state is difficult.
  
- **Interoperability**: Quantum computers need to interface with classical computers and other quantum devices. Developing protocols and standards for this interaction is an ongoing area of research.

### Applications

Quantum computing has the potential to revolutionize various fields, including:

- **Cryptography**: As mentioned earlier, quantum computers could break many current cryptographic systems, but they also offer new possibilities for creating unbreakable quantum cryptography.
  
- **Optimization Problems**: Quantum computers can solve complex optimization problems more efficiently than classical computers, which is useful in logistics, finance, and machine learning.
  
- **Simulation**: Quantum computers can simulate quantum systems, which is challenging for classical computers. This capability is valuable in materials science, chemistry, and drug discovery.

In summary, quantum computing leverages the principles of quantum mechanics to perform computations in fundamentally different ways from classical computing. While still in its early stages, it holds great promise for solving problems that are currently intractable for classical computers.",30,36,654
26,Why do ships float if they are made of steel?,"Ships float because their steel hulls are designed to displace an amount of water equal to their weight, a principle explained by Archimedes' Principle.","Ships float because their volume of displaced water is greater than their own weight, as per Archimedes' principle. Even though steel is very heavy, the ship's hull is hollow and filled with air or lighter materials, allowing it to displace enough water to support its mass.","Ships can float because of the principle of buoyancy, which is described by Archimedes' Principle. This principle states that any object submerged in a fluid (in this case, water) experiences an upward force equal to the weight of the fluid displaced by the object.

Here's a detailed explanation:

1. **Density and Buoyancy**: The key factor here is density. Water has a density of approximately 1000 kg/m³. Steel, on the other hand, has a much higher density, typically around 7850 kg/m³. When a ship is fully submerged, the volume of water it displaces must be at least as heavy as the ship itself for the ship to float. 

2. **Archimedes' Principle**: According to this principle, the upward buoyant force exerted on a ship is equal to the weight of the water it displaces. For a ship to float, its total weight (including the weight of the ship itself and all its cargo) must be less than or equal to the weight of the water it displaces.

3. **Design and Construction**: Ships are designed with hollow spaces and compartments to maximize the volume of water they can displace while minimizing their own weight. This design allows them to float even when carrying significant loads. Additionally, ships are constructed with materials like steel that are strong enough to support their own weight and the weight of their contents.

4. **Practical Example**: Consider a ship that weighs 10,000 tons. If the ship were completely solid steel, it would weigh more than 10,000 tons, making it sink. However, by using hollow spaces and lighter materials, the ship can be designed to have a lower overall density, allowing it to float. For instance, a ship might have a hull that is only 90% solid steel, with the remaining 10% being empty space or lighter materials like aluminum or plastic.

5. **Trim and Trim Tanks**: Modern ships often use trim tanks (empty spaces in the bottom of the ship) to adjust the ship's center of gravity and maintain stability. These tanks can be filled with water or drained to change the ship's draft (the depth of the ship below the waterline), ensuring the ship remains afloat.

In summary, ships float because their design and construction allow them to displace enough water to counterbalance their own weight, thanks to the principles of buoyancy and density. Steel, while denser than water, is used in conjunction with these design elements to create a vessel that can safely carry cargo and passengers across bodies of water.",24,46,415
27,How does public-key cryptography work?,"Public-key cryptography works by using a pair of keys: a public key for encryption and a private key for decryption, ensuring that data can be securely transmitted while maintaining confidentiality.","Public-key cryptography works by using a pair of keys: a public key for encryption and a private key for decryption. Messages are encrypted with the recipient's public key and can only be decrypted with their corresponding private key, ensuring secure communication.","Public-key cryptography, also known as asymmetric cryptography, is a cryptographic system that uses pairs of keys: public keys and private keys. This system allows for secure communication over insecure channels without the need to share secret keys beforehand. Here's a detailed explanation of how it works:

### Key Concepts

1. **Public Key**: A key that can be freely distributed to anyone who wants to send you a message. It is used for encryption.
2. **Private Key**: A key that must be kept secret by its owner. It is used for decryption.
3. **Encryption**: The process of converting plaintext (readable data) into ciphertext (unreadable data).
4. **Decryption**: The process of converting ciphertext back into plaintext.

### How Public-Key Cryptography Works

#### 1. Key Generation
- **Key Pair Creation**: When a user generates their key pair, they use a mathematical algorithm to create two keys: a public key and a private key. These keys are mathematically related but not identical. The creation of these keys is typically done using a random number generator.
- **Security**: The security of the system relies on the difficulty of reversing the mathematical relationship between the public and private keys. If an attacker has your public key, they cannot easily derive your private key.

#### 2. Key Distribution
- **Public Key Distribution**: The public key is distributed widely. Anyone can obtain it and use it to encrypt messages intended for the key owner.
- **Private Key Security**: The private key is kept secret by the key owner. It should never be shared with anyone else.

#### 3. Encryption and Decryption
- **Encryption**: When someone wants to send a message to you, they use your public key to encrypt the message. Only the corresponding private key can decrypt this message.
- **Decryption**: You, as the recipient, use your private key to decrypt the message. No one else can decrypt it because they do not have your private key.

### Example Scenario

Let's say Alice wants to send a confidential message to Bob. Here’s how they would use public-key cryptography:

1. **Key Exchange**:
   - Bob publishes his public key (e.g., `BobPublicKey`) in a secure manner (e.g., through a digital certificate or a public key infrastructure like SSL/TLS).
   - Alice obtains Bob's public key.

2. **Encryption**:
   - Alice encrypts her message using Bob's public key. The result is a ciphertext (`EncryptedMessage`).
   - The ciphertext is now unreadable to anyone who doesn't have Bob's private key.

3. **Transmission**:
   - Alice sends the encrypted message (`EncryptedMessage`) to Bob.

4. **Decryption**:
   - Bob receives the encrypted message and uses his private key to decrypt it. The result is the original plaintext message (`OriginalMessage`).
   - Bob can read the message only if he has his private key.

### Types of Public-Key Cryptosystems

There are several types of public-key cryptosystems, including:

- **RSA (Rivest–Shamir–Adleman)**: One of the most widely used systems. It relies on the difficulty of factoring large composite numbers.
- **Elliptic Curve Cryptography (ECC)**: Uses the algebraic structure of elliptic curves over finite fields. ECC offers equivalent security with smaller key sizes compared to RSA, making it more efficient.
- **Diffie-Hellman Key Exchange**: Used for securely exchanging cryptographic keys over a public channel. It is often combined with symmetric encryption for data protection.

### Applications

Public-key cryptography is used in various applications, including:

- **Email Encryption**: Encrypting emails so that only the intended recipient can read them.
- **Secure Web Browsing**: Using HTTPS, which encrypts data transmitted between web browsers and servers.
- **Digital Signatures**: Verifying the authenticity and integrity of digital documents.
- **Secure Authentication**: Ensuring that users are who they claim to be.

In summary, public-key cryptography provides a robust method for secure communication by allowing individuals to exchange information privately while ensuring that only the intended recipient can read the message.",30,41,631
28,What causes ocean tides?,"Ocean tides are primarily caused by the gravitational pull of the Moon and, to a lesser extent, the Sun on Earth's oceans.","Ocean tides are primarily caused by the gravitational pull of the Moon and, to a lesser extent, the Sun on Earth's oceans. This gravitational interaction stretches the water, creating high and low tides as the Earth rotates.","Ocean tides are primarily caused by the gravitational pull of the Moon and, to a lesser extent, the Sun on Earth's oceans. This gravitational interaction results in the rise and fall of sea levels, creating the observable tides. Let's break down this process in more detail:

### Gravitational Forces

1. **Moon's Gravity**: The Moon is much closer to Earth than the Sun, so its gravitational influence is stronger. However, the Sun's gravity also plays a role, albeit less significantly.

2. **Earth's Shape**: Earth is not a perfect sphere; it bulges slightly at the equator due to its rotation. This bulge is more pronounced near the equator but still affects the distribution of water across the planet.

### Tidal Bulges

When the Moon or Sun pulls on Earth, it creates two tidal bulges: one on the side of Earth facing the Moon (or Sun) and another on the opposite side. These bulges occur because the gravitational force from the Moon (or Sun) pulls on the water, causing it to pile up into these areas.

### Centrifugal Force

As Earth rotates, the centrifugal force (a pseudo-force that acts outward due to Earth's rotation) counteracts the gravitational pull. This means that the water in the tidal bulges is pulled towards the Moon (or Sun), but the Earth itself resists this movement due to its rotation. As a result, the water moves outwards from the center of Earth, creating a bulge on both sides of the planet.

### Tidal Range

The height of the tide (the range) depends on several factors:
- **Distance from the Moon**: Closer to the Moon, the tidal range is greater.
- **Depth of the Ocean**: Deeper waters can hold more water, potentially increasing the tidal range.
- **Shape of the Coastline**: The shape of the coastline can affect how the water flows and accumulates, influencing the tidal range.

### Solar Tides

While the Sun's gravitational pull is weaker than the Moon's, it does contribute to the tides. During new and full moons, when the Sun, Earth, and Moon are aligned, their combined gravitational forces create higher high tides and lower low tides, known as spring tides. Conversely, during first and third quarter moons, when the Sun and Moon are at right angles to each other relative to Earth, their gravitational forces partially cancel each other out, resulting in smaller tidal ranges, known as neap tides.

### Other Factors

- **Earth's Rotation**: The rotation of Earth also contributes to the tides. As Earth rotates, different parts of the planet experience different gravitational pulls at different times.
- **Land Masses and Islands**: These obstacles can cause local variations in tidal patterns, such as the formation of estuaries and bays where tides may be more complex.

In summary, ocean tides are a result of the combined gravitational effects of the Moon and, to a lesser extent, the Sun, acting on Earth's rotating body of water. The specific pattern and height of tides vary based on these gravitational forces, Earth's rotation, and the shape of the coastline and ocean basins.",22,37,507
29,How does backpropagation work?,"Backpropagation is an algorithm that uses the chain rule to efficiently compute the gradient of the loss function with respect to each weight in the network, allowing for the efficient update of weights during training through gradient descent or its variants.","Backpropagation is an algorithm that uses the chain rule to efficiently compute the gradient of the loss function with respect to each weight in the network, allowing for the efficient update of weights through gradient descent or its variants. It propagates the error backward from the output layer to the input layer, adjusting weights along the way based on how much each contributes to the overall error.","Backpropagation is a fundamental algorithm used in training artificial neural networks, particularly those with multiple layers (deep learning models). It is an efficient method for computing the gradient of the loss function with respect to the weights of the network. This process is crucial for adjusting the weights to minimize the loss function, thereby improving the model's performance.

### Overview of Backpropagation

1. **Forward Pass**: The input data is fed through the network layer by layer, from the input layer to the output layer. During this pass, the activations of each neuron are computed using the activation function (e.g., sigmoid, ReLU).

2. **Compute Loss**: After the forward pass, the predicted output is compared against the actual target values using a loss function (e.g., mean squared error for regression tasks or cross-entropy loss for classification tasks). The loss quantifies how far off the predictions are from the true values.

3. **Backward Pass (Backpropagation)**: The goal of the backward pass is to compute the gradients of the loss with respect to the weights of the network. These gradients indicate the direction and magnitude of change needed to reduce the loss.

4. **Update Weights**: Using the computed gradients, the weights of the network are updated using an optimization algorithm such as stochastic gradient descent (SGD), Adam, or others. This step adjusts the weights to move towards minimizing the loss.

### Detailed Steps of Backpropagation

#### Step 1: Forward Pass
- **Input Layer**: The input data \( x \) is passed through the network.
- **Hidden Layers**: Each neuron in a hidden layer computes its activation using an activation function, typically a non-linear function like ReLU or sigmoid.
- **Output Layer**: The final layer computes the output based on the activations of the previous layer(s).

#### Step 2: Compute Loss
- **Loss Function**: For example, if we are dealing with a regression problem, we might use Mean Squared Error (MSE):
  \[
  L = \frac{1}{2} \sum_{i=1}^{n} (y_i - \hat{y}_i)^2
  \]
  where \( y_i \) are the true labels and \( \hat{y}_i \) are the predicted outputs.
- **Target Output**: If we are dealing with a classification problem, we might use Cross-Entropy Loss:
  \[
  L = -\sum_{i=1}^{n} y_i \log(\hat{y}_i)
  \]

#### Step 3: Backward Pass (Backpropagation)
The backward pass involves computing the gradients of the loss with respect to the weights and biases of the network. This is done using the chain rule of calculus.

1. **Output Layer Gradient**:
   - Compute the derivative of the loss with respect to the output of the output layer.
   - Let \( \delta^{(L)} \) be the error term at the output layer.
   - \[
     \delta^{(L)} = \frac{\partial L}{\partial z^{(L)}} = \frac{\partial L}{\partial \hat{y}} \cdot \frac{\partial \hat{y}}{\partial z^{(L)}}
   \]
   - Here, \( \frac{\partial L}{\partial \hat{y}} \) is the derivative of the loss with respect to the output, and \( \frac{\partial \hat{y}}{\partial z^{(L)}} \) is the derivative of the output with respect to the pre-activation value \( z^{(L)} \).

2. **Hidden Layer Gradients**:
   - For each hidden layer \( l \), compute the error term \( \delta^{(l)} \).
   - \[
     \delta^{(l)} = \frac{\partial L}{\partial z^{(l)}} = \frac{\partial L}{\partial a^{(l+1)}} \cdot \frac{\partial a^{(l+1)}}{\partial z^{(l)}}
   \]
   - Here, \( \frac{\partial L}{\partial a^{(l+1)}} \) is the derivative of the loss with respect to the activation of the next layer, and \( \frac{\partial a^{(l+1)}}{\partial z^{(l)}} \) is the derivative of the activation function.

3. **Weight and Bias Gradients**:
   - Compute the gradients of the loss with respect to the weights and biases.
   - For weight \( w^{(l)}_{ij} \) connecting neuron \( j \) in layer \( l \) to neuron \( i \) in layer \( l+1 \):
     \[
     \frac{\partial L}{\partial w^{(l)}_{ij}} = \delta^{(l+1)}_j \cdot a^{(l)}_i
     \]
",41,67,611
30,Why is the speed of light constant?,"The constancy of the speed of light is a fundamental principle in physics, supported by numerous experiments and consistent across all inertial frames of reference according to Einstein's theory of special relativity.","The constancy of the speed of light in vacuum is a fundamental principle in physics, supported by numerous experiments and consistent with Einstein's special relativity theory. It appears constant because it is a universal constant that defines the maximum speed at which information can travel through space.","The constancy of the speed of light in a vacuum, denoted as \( c \), is one of the most fundamental constants in physics and has been experimentally verified to an extraordinary degree of accuracy. The constancy of the speed of light is not just a fact but is also deeply connected to several key principles in modern physics, including special relativity and quantum mechanics.

### Historical Context

Before Einstein's theory of special relativity, the speed of light was considered to be variable depending on the motion of the source or observer. However, experiments by Ole Rømer (1676) and later by Albert Michelson and Edward Morley (1887) showed that the speed of light appeared to be constant regardless of the motion of the source or the observer. This led to the development of special relativity by Albert Einstein in 1905.

### Special Relativity

Special relativity, formulated by Einstein, fundamentally changed our understanding of space and time. It posits that the speed of light in a vacuum is always the same, approximately 299,792,458 meters per second, no matter the motion of the light source or the observer. This principle is encapsulated in the famous equation:

\[ c = \frac{1}{\sqrt{\gamma}} \]

where \( \gamma \) is the Lorentz factor, which accounts for the effects of time dilation and length contraction predicted by special relativity.

### Experimental Verification

The constancy of the speed of light has been tested extensively through various experiments. One of the most famous is the Michelson-Morley experiment, which aimed to detect the Earth's motion through the supposed ""luminiferous aether"" (a medium thought to carry light waves). Instead, they found no evidence of this motion, leading to the conclusion that the speed of light is indeed constant.

More recent tests have included:

- **Laser Interferometer Space Antenna (LISA)**: This gravitational wave observatory, currently under construction, will test the constancy of the speed of light over cosmological distances.
- **Cryogenic Light Source**: This experimental setup at the European XFEL facility uses extremely cold light sources to measure the speed of light with unprecedented precision.

### Implications

The constancy of the speed of light has profound implications for our understanding of the universe:

1. **Time Dilation and Length Contraction**: As mentioned earlier, these effects are consequences of special relativity and occur when objects approach the speed of light. Time appears to slow down and lengths contract for objects moving at high speeds relative to an observer.

2. **Relativity of Simultaneity**: Events that appear simultaneous to one observer may not be simultaneous to another if they are moving relative to each other. This is a direct consequence of the constancy of the speed of light.

3. **Conservation Laws**: The constancy of the speed of light is crucial for the conservation laws in special relativity, such as momentum and energy conservation.

4. **Quantum Mechanics**: In quantum field theory, the speed of light plays a role in the dispersion relations of particles, influencing their behavior at different energies.

### Conclusion

The constancy of the speed of light is not merely a numerical fact; it is a cornerstone of modern physics that underpins our understanding of the universe. Its constancy is a result of the principles of special relativity and has been rigorously tested and confirmed through numerous experiments. This fundamental constant continues to guide research into the nature of space, time, and the fundamental forces of nature.",32,47,562
