question,layer,alpha,response,token_count,word_count,truncated
What is mechanistic interpretability?,18,-10,"Mechanistic interpretability refers to the ability to understand and explain the underlying mechanisms or processes that a machine learning model uses to make predictions or decisions. This approach emphasizes understanding how the model arrives at its conclusions rather than just relying on the model's outputs.

In other words, mechanistic interpretability aims to provide insights into the internal workings of a model, often through methods such as feature importance analysis, partial dependence plots, SHAP values, or other techniques that highlight which features contribute most to the model's predictions and how they interact with each other.

This type of interpretability is particularly useful for models where transparency and understanding of the decision-making process are crucial, such as in healthcare applications, financial services, or safety-critical systems. It helps build trust in the model's decisions and aids in debugging and improving the model if necessary.",168,141,False
What is mechanistic interpretability?,18,-5,"Mechanistic interpretability refers to the ability to understand and explain the underlying mechanisms or processes that underlie a machine learning model's predictions. This approach emphasizes understanding how the model arrives at its conclusions rather than just relying on the model's outputs.

In other words, mechanistic interpretability aims to provide insights into the internal workings of a model, often through methods such as:

1. **Feature Importance**: Understanding which input features contribute most to the model's predictions.
2. **Model Visualization**: Using techniques like decision trees, partial dependence plots, or SHAP (SHapley Additive exPlanations) values to visualize how the model makes decisions.
3. **Rule Extraction**: Extracting simple rules or logical statements from the model that can be used to explain its predictions.
4. **Interpretability Techniques**: Utilizing specific algorithms or post-processing techniques designed to make models more interpretable.

The goal of mechanistic interpretability is to bridge the gap between black-box models and human understanding, making it easier for domain experts to trust and use the model in their work. This is particularly important in fields where transparency and accountability are crucial, such as healthcare, finance, and criminal justice.",240,184,False
What is mechanistic interpretability?,18,0,"Mechanistic interpretability refers to the ability to understand and explain the underlying mechanisms or processes that underlie a machine learning model's predictions. It involves breaking down the model into its constituent parts and explaining how these parts contribute to the final output.

In contrast to other forms of interpretability such as global interpretability (which focuses on understanding the overall behavior of the model) or local interpretability (which focuses on understanding the contribution of individual features in specific instances), mechanistic interpretability aims to provide insights into the internal workings of the model itself.

This approach can be particularly useful for complex models like deep neural networks, where it can be challenging to understand why certain decisions are being made. By dissecting the model and explaining each step, researchers and practitioners can gain deeper insights into the model's decision-making process, which can lead to improvements in model accuracy, robustness, and trustworthiness.

Mechanistic interpretability often involves techniques such as:

1. **Feature Importance Analysis**: Understanding which input features are most influential in making predictions.
2. **Model Dissection**: Breaking down the model into smaller, more interpretable components.
3. **Saliency Maps**: Visualizing the importance of different features in contributing to the model's output.
4. **LIME (Local Interpretable Model-agnostic Explanations)**: Providing explanations for predictions by approximating the model locally with simpler models.
5. **SHAP (SHapley Additive exPlanations)**: A method for attributing the prediction of a classifier to each feature in the input data.

Overall, mechanistic interpretability seeks to bridge the gap between black-box models and human understanding, making AI systems more transparent and trustworthy.",344,257,False
What is mechanistic interpretability?,18,5,"Mechanistic interpretability refers to the ability to understand and explain the underlying mechanisms or processes that underlie a machine learning model's predictions. It involves breaking down the model into its constituent parts and explaining how each part contributes to the final output.

In contrast to other forms of interpretability such as global interpretability (which focuses on understanding the overall behavior of the model) and local interpretability (which focuses on understanding the model's predictions for individual instances), mechanistic interpretability aims to provide insights into the specific steps and rules that the model uses to make decisions.

### Key Characteristics of Mechanistic Interpretability:

1. **Detailed Understanding**: Mechanistic interpretability requires a deep dive into the model's architecture and the data it processes. This can involve examining the input features, intermediate layers, and the decision-making process at various levels of abstraction.

2. **Model Transparency**: The model should be designed in a way that allows for easy dissection and analysis. This includes using models with clear and well-defined components, such as neural networks with explicit layers and parameters.

3. **Rule Extraction**: Mechanistic interpretability often involves extracting explicit rules or decision rules from the model. These rules can be presented in a human-readable format, making it easier to understand why certain inputs lead to particular outputs.

4. **Interpretation of Complex Models**: While simpler models like linear regression or decision trees are relatively straightforward to interpret, more complex models like deep neural networks require sophisticated techniques to achieve mechanistic interpretability.

5. **Explainable AI (XAI)**: Mechanistic interpretability is closely related to Explainable AI (XAI). XAI aims to make AI systems more transparent and understandable, which is crucial for applications where trust and accountability are paramount.

### Applications:

- **Medical Diagnosis**: In healthcare, mechanistic interpretability can help doctors understand how a model predicts patient outcomes based on various medical factors.
- **Financial Services**: Banks and financial institutions use models to assess loan risk. Mechanistic interpretability helps them understand the rationale behind these assessments.
- **Automotive Industry**: Autonomous vehicle systems rely heavily on complex models. Mechanistic interpretability ensures that safety-critical decisions are comprehensible and reliable.

### Challenges:

- **Complexity**: Mechanistic interpretability can be challenging when dealing with highly complex models or large datasets.
- **Overfitting**: Extracting meaningful mechanisms from overfitted models can be difficult, as the model may not generalize well to unseen data.
- **Noise and Variability**: Real-world data often contains noise and variability, which can complicate the extraction of clear mechanisms.

### Techniques:

- **LIME (Local Interpretable Model-agnostic Explanations)**: LIME provides explanations for black-box models by approximating their predictions locally with simpler models.
- **SHAP (SHapley Additive exPlanations)**: SHAP values assign a contribution score to each feature in a model prediction, helping to understand the impact of each feature.
- **Feature Importance Analysis**: Analyzing the importance of different features in the model can provide insights into the mechanisms driving the model's predictions.
- **Rule-Based Models**: Using rule-based models like decision trees or rule lists can facilitate mechanistic interpretability by providing clear, interpretable rules.

In summary, mechanistic interpretability is about gaining a detailed understanding of the internal workings of a machine learning model, enabling users to trust and utilize the model's predictions effectively.",695,524,False
What is mechanistic interpretability?,18,10,"Mechanistic interpretability refers to the ability to understand and explain the underlying mechanisms or processes that underlie a machine learning model's predictions. It involves breaking down complex models into simpler, more understandable components to gain insights into how the model makes decisions.

### Key Concepts:

1. **Complexity of Models**:
   - Many modern machine learning models, such as deep neural networks, can be highly complex and opaque. These models often have many layers and parameters, making it difficult to understand their internal workings directly.

2. **Interpretability**:
   - Interpretability is crucial for ensuring trust in AI systems, especially in fields like healthcare, finance, and autonomous driving where the stakes are high. Mechanistic interpretability aims to provide a clearer picture of how these models arrive at their conclusions.

3. **Mechanistic Understanding**:
   - Mechanistic interpretability focuses on understanding the specific rules, logic, and steps that a model uses to make predictions. This includes identifying the key features and interactions that influence the model’s output.

4. **Components of Mechanistic Interpretability**:
   - **Feature Importance**: Understanding which input features (e.g., sensor data, text content) are most influential in the model's decision-making process.
   - **Rule Extraction**: Identifying the rules or logical conditions that the model applies to make decisions.
   - **Model Decomposition**: Breaking down the model into smaller, more interpretable sub-models or components.
   - **Explainable AI (XAI)**: Techniques that help explain the reasoning behind the model's predictions, often using visualization tools and other methods.

### Applications:

- **Healthcare**: In medical diagnosis, understanding how a model predicts disease outcomes can be critical. Mechanistic interpretability helps ensure that the model's recommendations align with clinical guidelines and patient care protocols.
  
- **Finance**: In risk assessment models, understanding the factors that contribute to credit scores or loan approvals can help regulators and financial institutions ensure fairness and compliance.

- **Autonomous Driving**: In safety-critical applications like self-driving cars, understanding the decision-making process is essential to build trust in the system.

### Challenges:

- **Overfitting**: Simple models might not capture all the nuances of the data, leading to poor generalization. Mechanistic interpretability requires a balance between simplicity and complexity.
  
- **Data Quality**: The quality and relevance of the training data significantly impact the interpretability of the model. Poor data can lead to misleading explanations.
  
- **Computational Complexity**: Extracting detailed mechanistic insights from large, complex models can be computationally intensive and time-consuming.

### Techniques:

- **LIME (Local Interpretable Model-agnostic Explanations)**: Provides local explanations by approximating the model locally around a specific instance.
- **SHAP (SHapley Additive exPlanations)**: A game-theoretic approach to explain the output of any machine learning model.
- **Rule-Based Models**: Using rule sets to represent the model's logic, which can be easier to understand than black-box models.
- **Ensemble Methods**: Combining multiple models to improve both accuracy and interpretability.

In summary, mechanistic interpretability is about developing a deeper understanding of how machine learning models work, enabling them to be more transparent and trustworthy. This field is an active area of research with significant implications for various industries.",684,494,False
What is NLP?,18,-10,"NLP stands for Natural Language Processing. It is a field of study in computer science and artificial intelligence that focuses on the interaction between computers and humans (natural language). The goal of NLP is to enable computers to understand, interpret, and generate human language in a meaningful way. This includes tasks such as text classification, sentiment analysis, machine translation, speech recognition, and more.",77,63,False
What is NLP?,18,-5,"NLP stands for Natural Language Processing. It is a field of study in computer science and artificial intelligence that focuses on the interaction between computers and humans using natural language. The main goal of NLP is to enable computers to understand, interpret, and generate human language in a meaningful way.

Key aspects of NLP include:

1. **Speech Recognition**: Converting spoken words into text.
2. **Language Understanding**: Extracting meaning from text or speech.
3. **Text Generation**: Producing text that sounds natural.
4. **Machine Translation**: Translating text from one language to another.
5. **Sentiment Analysis**: Determining the emotional tone behind text.
6. **Question Answering Systems**: Providing answers to questions posed in natural language.
7. **Chatbots and Virtual Assistants**: Creating conversational interfaces that can understand and respond to user queries.

NLP techniques often involve machine learning and deep learning algorithms to improve accuracy over time as more data is processed.",198,147,False
What is NLP?,18,0,"NLP stands for Natural Language Processing. It is a field of study in computer science and artificial intelligence that focuses on the interaction between computers and human (natural) languages. The goal of NLP is to enable computers to understand, interpret, and generate human language in a way that is useful and meaningful.

Key aspects of NLP include:

1. **Speech Recognition**: Converting spoken words into text.
2. **Language Understanding**: Extracting meaning from text or speech.
3. **Machine Translation**: Translating text from one language to another.
4. **Sentiment Analysis**: Determining the emotional tone behind text.
5. **Text Generation**: Creating new text that sounds natural.
6. **Question Answering Systems**: Providing answers to questions posed in natural language.
7. **Chatbots and Virtual Assistants**: Developing conversational interfaces that can understand and respond to user queries.

NLP involves techniques from various fields such as linguistics, machine learning, statistics, and computational linguistics. It has applications in many areas including but not limited to:
- **Information Retrieval**: Helping users find relevant information online.
- **Customer Service**: Automating responses to customer inquiries.
- **Healthcare**: Analyzing medical records and patient notes.
- **Finance**: Monitoring financial markets and detecting anomalies.
- **Education**: Personalizing learning experiences based on student feedback.

The development of NLP continues to advance with improvements in algorithms, data availability, and computational power, making it increasingly effective at handling complex linguistic tasks.",306,223,False
What is NLP?,18,5,"Natural Language Processing (NLP) is a subfield of artificial intelligence that focuses on the interaction between computers and human language. It involves teaching computers to understand, interpret, and generate human language in a way that is useful and meaningful.

Here are some key aspects of NLP:

1. **Understanding Human Language**: NLP aims to enable machines to understand the nuances of human language, including grammar, semantics, syntax, and context. This includes understanding not just words but also the meaning behind them.

2. **Text Analysis**: This involves tasks such as text classification, sentiment analysis, topic modeling, and summarization. These tasks help in extracting valuable information from large volumes of textual data.

3. **Speech Recognition**: NLP encompasses speech recognition, which allows computers to convert spoken language into written text. This technology is used in virtual assistants like Siri, Alexa, and Google Assistant.

4. **Machine Translation**: NLP enables computers to translate text or speech from one language to another, making communication across different languages possible.

5. **Question Answering Systems**: These systems use NLP techniques to understand questions posed in natural language and provide relevant answers. They are commonly found in search engines and chatbots.

6. **Dialogue Systems**: These systems simulate conversations with users, providing personalized interactions. Examples include customer service chatbots and virtual personal assistants.

7. **Named Entity Recognition (NER)**: This task involves identifying and categorizing named entities in text, such as names of people, organizations, locations, medical codes, time expressions, quantities, monetary values, percentages, etc.

8. **Text Generation**: This includes tasks like text generation, where the system creates new text based on patterns learned from existing text. This can be used for generating news articles, creative writing, or even poetry.

9. **Sentiment Analysis**: NLP tools analyze the emotional tone of text to determine whether it conveys positive, negative, or neutral sentiments.

10. **Information Extraction**: This involves extracting structured information from unstructured text, which can then be used for various purposes such as database filling or report generation.

NLP is a rapidly evolving field with applications ranging from improving user experiences in software products to enhancing security measures through language-based authentication. As computational power and machine learning algorithms continue to advance, the capabilities of NLP systems are expected to grow significantly.",473,367,False
What is NLP?,18,10,"Natural Language Processing (NLP) is a subfield of artificial intelligence that focuses on the interaction between computers and human language. It involves teaching computers to understand, interpret, and generate human language in a way that is useful and meaningful.

### Key Components of NLP:

1. **Understanding Human Language:**
   - **Syntax:** The structure of sentences, including grammar rules.
   - **Semantics:** The meaning behind words and phrases.
   - **Pragmatics:** How context influences meaning.

2. **Processing Text Data:**
   - **Tokenization:** Breaking text into individual words or tokens.
   - **Part-of-Speech Tagging:** Identifying the grammatical category of each word (e.g., noun, verb).
   - **Named Entity Recognition (NER):** Identifying and categorizing named entities like names, dates, locations, etc.
   - **Sentiment Analysis:** Determining the emotional tone of a piece of text.

3. **Generating Natural Language:**
   - **Machine Translation:** Converting text from one language to another.
   - **Summarization:** Creating concise summaries of longer texts.
   - **Text Generation:** Producing new text that sounds natural and relevant.

4. **Applications of NLP:**
   - **Chatbots and Virtual Assistants:** Like Siri, Alexa, and Google Assistant.
   - **Automatic Summarization:** Summarizing news articles, reports, and other documents.
   - **Information Retrieval:** Helping users find relevant information in large datasets.
   - **Healthcare:** Analyzing medical records for diagnosis and treatment recommendations.
   - **Finance:** Fraud detection, sentiment analysis of financial news, and more.
   - **Customer Service:** Automating responses to customer inquiries and complaints.
   - **Legal:** Document review, contract analysis, and case management.

5. **Techniques Used in NLP:**
   - **Machine Learning:** Algorithms that learn from data to improve performance over time.
   - **Deep Learning:** Neural networks that can capture complex patterns in text.
   - **Rule-Based Systems:** Explicitly programmed rules for processing language.
   - **Hybrid Approaches:** Combining different techniques to leverage their strengths.

### Challenges in NLP:
- **Ambiguity:** Words often have multiple meanings depending on context.
- **Contextual Understanding:** NLP systems need to understand the broader context in which words are used.
- **Domain-Specific Knowledge:** Different fields require specialized knowledge that NLP models must be trained on.
- **Ethical Considerations:** Issues such as bias, privacy, and fairness in AI applications.

### Future Directions:
- **Multilingualism:** Developing models that can handle multiple languages effectively.
- **Interpretability:** Making NLP models more transparent and understandable.
- **Integration with Other Technologies:** Combining NLP with other AI technologies like computer vision and robotics.

NLP is a rapidly evolving field with significant potential to transform various industries and improve our daily lives.",610,396,False
Why is fire hot?,18,-10,"Fire is considered ""hot"" because it involves the rapid oxidation of fuel (such as wood or other materials) in the presence of oxygen, which releases heat energy. This process of combustion generates high temperatures that can reach thousands of degrees Celsius, depending on the type of fuel and conditions. The heat is a result of the chemical reaction between the fuel and oxygen, producing light and thermal energy.",79,68,False
Why is fire hot?,18,-5,"Fire is considered ""hot"" because it involves the rapid oxidation of fuel (such as wood, coal, or natural gas) in the presence of oxygen, which releases heat energy. This process is known as combustion and produces heat as one of its byproducts.

The temperature of a fire can vary greatly depending on factors such as the type of fuel, the amount of oxygen available, and the intensity of the burning. For example, a campfire might reach temperatures around 500 to 600 degrees Celsius (932 to 1,112 degrees Fahrenheit), while a wildfire could reach much higher temperatures.

In summary, fire is hot due to the chemical reaction that occurs during combustion, which generates heat as part of the process.",153,118,False
Why is fire hot?,18,0,"Fire is considered ""hot"" because it involves the rapid oxidation of fuel (such as wood, coal, or natural gas) in the presence of oxygen, which releases energy primarily in the form of heat and light. The process of combustion generates high temperatures that can reach thousands of degrees Celsius.

Here’s a more detailed explanation:

1. **Combustion Process**: When fuel comes into contact with oxygen, it undergoes a chemical reaction called combustion. This reaction is highly exothermic, meaning it releases a large amount of energy in the form of heat.

2. **Heat Release**: As the fuel burns, the chemical bonds within the fuel molecules break down, releasing energy. This energy is then converted into thermal energy (heat), which raises the temperature of the surrounding environment.

3. **Temperature Increase**: The rate at which this heat is released depends on various factors such as the type of fuel, the amount of oxygen available, and the surface area exposed to air. Under optimal conditions, the temperature can rise very quickly, often reaching several thousand degrees Celsius.

4. **Light Emission**: Alongside the heat, fire also emits light due to the excitation of atoms and molecules during the chemical reactions. This light emission is what we perceive as the visible part of the fire.

In summary, fire is hot because it involves a rapid release of energy through chemical reactions, primarily in the form of heat, which causes the temperature to rise significantly.",292,237,False
Why is fire hot?,18,5,"Fire is considered ""hot"" because it involves the rapid conversion of chemical energy into thermal energy (heat) and light energy. Here’s a more detailed explanation:

1. **Chemical Reaction**: Fire starts with a chemical reaction, typically between a fuel source (like wood, paper, or natural gas) and an oxidizer (usually oxygen in the air). This reaction releases heat as a byproduct.

2. **Heat Release**: When the reactants combine, they form new molecules and release energy in the form of heat. The amount of heat released depends on the type of fuel and the conditions under which the reaction occurs.

3. **Thermal Energy**: As the reaction progresses, the temperature of the material increases. This increase in temperature is what we perceive as ""hot."" The heat can be felt through contact or detected by thermometers.

4. **Radiant Heat**: In addition to being hot due to direct contact, fire also emits radiant heat. This means that even if you are not directly touching the fire, you can feel its warmth from a distance. Radiant heat travels through space without needing a medium like air.

5. **Light Emission**: Along with heat, fire emits light. This light is produced when the rapidly moving particles collide and excite each other, releasing photons (light particles).

6. **Energy Transfer**: The heat from fire can transfer to nearby objects, causing them to warm up. This is why firefighters wear protective gear and why it's important to keep flammable materials away from open flames.

Understanding these processes helps explain why fire is perceived as ""hot"" and why it poses risks such as burns and fires.",334,264,False
Why is fire hot?,18,10,"Fire is considered ""hot"" because it involves the rapid conversion of chemical energy into thermal (heat) and light energy. Here’s a detailed explanation:

1. **Chemical Reaction**: Fire starts with a chemical reaction, typically between a fuel source and an oxidizer (usually oxygen). This reaction releases energy in the form of heat.

2. **Heat Release**: When the reactants combine, they release energy in the form of heat. The amount of heat released depends on the specific chemical reaction and the conditions under which it occurs. For example, burning wood releases more heat than burning paper, even though both involve combustion.

3. **Thermal Energy Transfer**: Once ignited, the heat from the fire can be transferred to surrounding materials through conduction, convection, and radiation. This transfer of thermal energy causes the temperature of these materials to rise, making them feel hot or even scorching.

4. **Radiation**: In addition to direct contact with heated objects, heat can also be radiated. This means that even if you are not directly touching a hot object, you can still feel its warmth due to the infrared radiation emitted by the fire.

5. **Light Emission**: Along with heat, fires emit light. This light is produced as a result of the high temperatures involved in the chemical reactions. The visible light we see is just one part of the electromagnetic spectrum; there are also ultraviolet and infrared rays that contribute to the overall effect of a fire being ""hot.""

6. **Psychological Perception**: The perception of heat is not just about the actual temperature but also about the psychological impact. The sight and smell of a fire can trigger feelings of discomfort or fear, which can make the perceived temperature seem higher than it actually is.

In summary, fire is hot because it involves the rapid release of energy in the form of heat, which can be felt through various modes of energy transfer and can have a significant psychological impact.",392,321,False
How does a transformer work?,18,-10,"A transformer works based on the principle of electromagnetic induction. Here's a step-by-step explanation of how it operates:

1. **Basic Structure**: A transformer consists of two or more coils of wire wound around an iron core. The primary coil is connected to the power source (e.g., a wall socket), and the secondary coil is where the output voltage is taken.

2. **Electromagnetic Induction**: When an alternating current flows through the primary coil, it creates a changing magnetic field around the coil. This changing magnetic field induces a voltage in the secondary coil according to Faraday's law of induction.

3. **Voltage Transformation**: The induced voltage in the secondary coil can be different from the voltage in the primary coil. This difference in voltage depends on the number of turns in each coil. If there are more turns in the secondary coil than in the primary coil, the secondary voltage will be higher than the primary voltage. Conversely, if there are fewer turns in the secondary coil, the secondary voltage will be lower.

4. **Isolation**: Transformers can also provide electrical isolation between the input and output circuits, which is useful for safety reasons or to prevent high voltages from affecting sensitive equipment.

In summary, a transformer transfers electrical energy from one circuit to another through inductively coupled conductors—the primary and secondary windings—while maintaining the same frequency of the AC voltage.",280,228,False
How does a transformer work?,18,-5,"A transformer is an electrical device that transfers electrical energy from one circuit to another through inductively coupled conductors—the transformer's coils. It operates based on the principle of electromagnetic induction, which was discovered by Michael Faraday.

Here’s how it works:

1. **Basic Components**: A transformer consists of two or more coils of wire wound around a core made of ferromagnetic material (such as iron). The primary coil is connected to the input voltage, and the secondary coil is connected to the output voltage.

2. **Electromagnetic Induction**: When an alternating current flows through the primary coil, it creates a changing magnetic field around the coil. This changing magnetic field induces a voltage in the secondary coil, according to Faraday's law of induction. The induced voltage depends on the number of turns in the secondary coil relative to the primary coil.

3. **Voltage Transformation**: The ratio of the voltages in the primary and secondary coils is equal to the ratio of the number of turns in each coil. If the primary coil has \(N_1\) turns and the secondary coil has \(N_2\) turns, then the relationship between the primary voltage \(V_1\) and the secondary voltage \(V_2\) is given by:
   \[
   \frac{V_1}{V_2} = \frac{N_1}{N_2}
   \]
   This means that if you increase the number of turns in the secondary coil compared to the primary coil, the output voltage will be higher than the input voltage. Conversely, if you decrease the number of turns in the secondary coil, the output voltage will be lower.

4. **Isolation**: Transformers can also serve to isolate circuits from each other electrically, meaning they do not affect the impedance of the circuits they connect.

Transformers are widely used in power distribution systems to step up or step down voltages, in audio equipment to change the volume level, and in many other applications where voltage conversion is needed without direct contact between the circuits.",412,312,False
How does a transformer work?,18,0,"A transformer is an electrical device that transfers electrical energy between two or more circuits through electromagnetic induction. It's widely used in power distribution systems to step up or step down alternating current (AC) voltage while keeping the frequency constant. Here’s a detailed explanation of how a transformer works:

### Basic Components
- **Primary Coil**: This is the input coil where the alternating current flows.
- **Secondary Coil**: This is the output coil where the transformed voltage appears.
- **Core**: The core is made of ferromagnetic material like iron and serves as the magnetic path for the transformer.

### Operation
1. **Magnetic Field Generation**:
   - When AC current flows through the primary coil, it creates a time-varying magnetic field around the coil.
   - This changing magnetic field induces a voltage in the secondary coil according to Faraday's law of induction.

2. **Induced Voltage**:
   - The induced voltage in the secondary coil depends on the number of turns in each coil and the ratio of these numbers.
   - If there are more turns in the secondary coil compared to the primary coil, the secondary voltage will be higher than the primary voltage (step-up transformer).
   - Conversely, if there are fewer turns in the secondary coil compared to the primary coil, the secondary voltage will be lower than the primary voltage (step-down transformer).

3. **Energy Transfer**:
   - Transformers do not convert electrical energy into other forms; they simply transfer electrical energy from one circuit to another without any change in frequency.
   - The total amount of energy remains constant, assuming no energy losses.

4. **Isolation**:
   - Transformers can isolate circuits from each other electrically, which is useful in power distribution systems to protect equipment and ensure safety.

### Efficiency
- Transformers are highly efficient because most of the energy they handle is converted into electrical energy rather than wasted as heat.
- However, some energy is lost due to resistance in the windings and hysteresis in the core material. This loss is proportional to the square of the operating frequency and the core material's permeability.

### Types of Transformers
- **Step-Up Transformer**: Increases the voltage from the primary to the secondary coil.
- **Step-Down Transformer**: Decreases the voltage from the primary to the secondary coil.
- **Auto-transformer**: A type of transformer that shares some of its winding between the primary and secondary coils, allowing for both voltage increase and decrease.

### Applications
Transformers are essential in many applications, including:
- Power transmission lines
- Household appliances
- Electric motors
- Lighting systems

In summary, a transformer works by using the principle of electromagnetic induction to transfer electrical energy from one circuit to another, with the voltage being stepped up or down based on the number of turns in the coils.",570,458,False
How does a transformer work?,18,5,"A transformer is an electrical device that transfers electrical energy between two or more circuits through electromagnetic induction. It's widely used in power distribution systems and various electronic devices to step up or step down alternating current (AC) voltage while keeping the frequency constant. Here’s a detailed explanation of how a transformer works:

### Basic Components
- **Primary Coil**: This is the input coil where the alternating current flows.
- **Secondary Coil**: This is the output coil where the transformed voltage appears.
- **Core**: The core is made of ferromagnetic material like iron, which helps to concentrate the magnetic field.

### Operation
1. **Magnetic Field Generation**:
   - When AC current flows through the primary coil, it creates a time-varying magnetic field around the coil.
   - This changing magnetic field induces a current in the secondary coil according to Faraday's law of induction.

2. **Induction Process**:
   - The magnetic flux generated by the primary coil links with the secondary coil.
   - According to Faraday's law, this changing magnetic flux induces an electromotive force (EMF) in the secondary coil.
   - The induced EMF causes a current to flow in the secondary coil.

3. **Voltage Transformation**:
   - The amount of voltage transformation depends on the number of turns in each coil.
   - If the number of turns in the secondary coil is greater than the number of turns in the primary coil, the secondary voltage will be higher than the primary voltage (step-up transformer).
   - Conversely, if the number of turns in the secondary coil is less than the number of turns in the primary coil, the secondary voltage will be lower than the primary voltage (step-down transformer).

### Efficiency and Losses
- **No Direct Electrical Connection**: Transformers do not require direct electrical connection between the primary and secondary coils; they use magnetic coupling.
- **Energy Conservation**: Transformers do not convert electrical energy into other forms of energy, so there is no energy loss due to conversion. However, there can be losses due to resistance in the windings and core materials.
- **Core Losses**: These occur when the core material heats up due to hysteresis (magnetic material's reluctance to change its magnetic state) and eddy currents (small circular currents induced within conductors by a varying magnetic field).
- **Winding Resistance Losses**: These occur due to the resistance of the wire used in the coils, converting some of the electrical energy into heat.

### Types of Transformers
- **Step-Up Transformer**: Used to increase the voltage for long-distance transmission.
- **Step-Down Transformer**: Used to decrease the voltage for local distribution.
- **Auto-transformer**: A type of transformer that shares some of its winding between the primary and secondary coils, allowing for both voltage increase and decrease.

### Applications
Transformers are crucial in many applications, including:
- **Power Distribution Systems**: Step-up transformers increase voltage at power plants to reduce line losses over long distances, and step-down transformers decrease voltage at substations for distribution to homes and businesses.
- **Audio Equipment**: Used in audio equipment to amplify signals.
- **Electrical Motors**: Some motors use transformers to step down the voltage from the mains supply to a level suitable for the motor.
- **Electronic Devices**: Many electronic devices use transformers to step down the high voltages present in power supplies to safer levels.

Understanding the principles behind transformers is fundamental to working with electrical systems and designing efficient power distribution networks.",708,562,False
How does a transformer work?,18,10,"A transformer is an electrical device that transfers electrical energy between two or more circuits through electromagnetic induction. It's widely used in power distribution systems, audio equipment, and various electronic devices to step up or step down alternating current (AC) voltage while keeping the frequency constant. Let's break down how it works:

### Basic Components of a Transformer

1. **Core**: The core is made of laminated silicon steel sheets coated with insulating varnish. This core forms the magnetic path for the transformer.
2. **Windings**: There are typically two sets of windings: the primary winding and the secondary winding. These windings are usually wound on the same core.

### Operation of a Transformer

#### 1. Primary Circuit
- **Current Flow**: When AC current flows through the primary winding, it creates a changing magnetic field around the core.
- **Magnetic Field**: This changing magnetic field induces a voltage in the secondary winding according to Faraday's Law of Electromagnetic Induction.

#### 2. Secondary Circuit
- **Voltage Transformation**: The induced voltage in the secondary winding can be different from the primary voltage due to the turns ratio (the number of turns in each winding). If the number of turns in the secondary winding is greater than the number of turns in the primary winding, the secondary voltage will be higher. Conversely, if there are fewer turns in the secondary winding, the secondary voltage will be lower.
- **Power Conservation**: The power in the primary circuit must equal the power in the secondary circuit, assuming no losses. This means that the product of the voltage and current in the primary side must equal the product of the voltage and current in the secondary side, considering the turns ratio.

### Key Concepts

1. **Magnetic Flux**: The magnetic flux through the core is proportional to the current flowing through the primary winding. This flux links both windings, inducing voltages in them.

2. **Mutual Inductance**: The mutual inductance \( M \) between the primary and secondary windings is given by:
   \[
   M = \mu_0 \frac{N_p N_s}{L}
   \]
   where:
   - \( \mu_0 \) is the permeability of free space,
   - \( N_p \) is the number of turns in the primary winding,
   - \( N_s \) is the number of turns in the secondary winding,
   - \( L \) is the length of the magnetic path.

3. **Transformer Efficiency**: Real-world transformers have losses due to resistance in the windings and core materials, which can reduce the efficiency. These losses include:
   - **Hysteresis Losses**: These occur because the core material (usually laminated steel) has a hysteresis loop. Each time the magnetic field changes, some of the energy is converted into heat.
   - **Eddy Current Losses**: These are currents induced within the core that flow in closed loops rather than following the shape of the core. They cause additional heating.
   - **Irreversible Losses**: These are losses that cannot be recovered and are due to the permanent magnetization of the core material.

### Summary

In summary, a transformer works by converting electrical energy from one voltage level to another using the principle of electromagnetic induction. The primary winding's current induces a varying magnetic field in the core, which in turn induces a voltage in the secondary winding. By adjusting the number of turns in the windings, transformers can step up or step down the voltage levels as needed.",724,556,False
What is quantum computing?,18,-10,"Quantum computing is a type of computing that uses quantum-mechanical phenomena, such as superposition and entanglement, to perform operations on data. Unlike classical computers that use bits (which can be either 0 or 1), quantum computers use quantum bits, or qubits, which can exist in multiple states simultaneously due to the principles of superposition and entanglement.

This allows quantum computers to process a vast amount of possibilities at once, potentially solving complex problems much faster than classical computers. Quantum algorithms can exploit these properties to perform certain tasks more efficiently, such as factorizing large numbers, simulating quantum systems, and searching unsorted databases.

However, building practical quantum computers is challenging because they require extremely low temperatures and precise control over delicate quantum states. Despite these challenges, significant progress has been made in recent years, and researchers are working towards developing more powerful and reliable quantum computers.",181,145,False
What is quantum computing?,18,-5,"Quantum computing is a type of computing that uses quantum-mechanical phenomena, such as superposition and entanglement, to perform operations on data. Unlike classical computers that use bits (which can be either 0 or 1), quantum computers use quantum bits, or qubits. This allows quantum computers to process a vast amount of possibilities simultaneously, making them potentially very powerful for certain types of calculations.

Here are some key points about quantum computing:

1. **Qubits**: Quantum bits, or qubits, can exist in multiple states at the same time due to superposition. This means they can represent not just 0 or 1, but any combination of both, allowing quantum computers to process a large number of possibilities in parallel.

2. **Entanglement**: Qubits can become entangled with each other, meaning the state of one (whether it's 0 or 1) can depend on the state of another, even when separated by large distances. This property can be used to create complex quantum algorithms.

3. **Quantum Algorithms**: Some algorithms designed for quantum computers can solve problems much faster than classical algorithms. Notable examples include Shor's algorithm for factoring large numbers and Grover's algorithm for searching unsorted databases.

4. **Challenges**: Building practical quantum computers is challenging because qubits are highly susceptible to environmental interference (decoherence) and require extremely low temperatures to operate reliably. Additionally, error correction is more complex in quantum systems.

5. **Applications**: Quantum computing has the potential to revolutionize fields such as cryptography, drug discovery, optimization problems, and artificial intelligence.

Quantum computing is still an emerging field, and while significant progress has been made, practical, large-scale quantum computers capable of solving real-world problems are still under development.",363,272,False
What is quantum computing?,18,0,"Quantum computing is a type of computing that uses quantum-mechanical phenomena, such as superposition and entanglement, to perform operations on data. Unlike classical computers that use bits (which can be either 0 or 1), quantum computers use quantum bits, or qubits. This allows quantum computers to process a vast amount of possibilities simultaneously, making them potentially very powerful for certain types of calculations.

### Key Concepts:

1. **Superposition**: A fundamental principle in quantum mechanics where a quantum system can exist in multiple states at the same time until it's measured. For example, a qubit can represent both 0 and 1 simultaneously.

2. **Entanglement**: A phenomenon where quantum particles become interconnected and the state of one (no matter how far apart) can depend on the state of another. This allows quantum computers to perform complex calculations more efficiently.

3. **Quantum Gates**: The basic building blocks of quantum circuits, similar to logic gates in classical computing. They manipulate qubits to perform operations like addition, multiplication, and other computations.

4. **Quantum Algorithms**: Specialized algorithms designed to take advantage of quantum computing's unique capabilities. Examples include Shor's algorithm for factoring large numbers and Grover's algorithm for searching unsorted databases.

### Applications:

- **Cryptography**: Quantum computers could break many of the cryptographic systems currently in use, but they could also create new, unbreakable encryption methods.
- **Optimization Problems**: Solving complex optimization problems, which are crucial in logistics, finance, and machine learning.
- **Simulation**: Simulating quantum systems, which is difficult with classical computers, could lead to breakthroughs in materials science, drug discovery, and more.

### Challenges:

- **Error Rates**: Quantum systems are highly susceptible to errors due to environmental interference and other factors.
- **Scalability**: Building and maintaining large-scale quantum computers is extremely challenging.
- **Interoperability**: Developing software and hardware that can work together effectively remains an ongoing challenge.

Despite these challenges, the potential benefits of quantum computing make it an exciting area of research and development.",429,321,False
What is quantum computing?,18,5,"Quantum computing is a type of computing that uses quantum-mechanical phenomena, such as superposition and entanglement, to perform operations on data. Unlike classical computers, which use bits (units of information) that represent either a 0 or a 1, quantum computers use quantum bits, or qubits. This allows quantum computers to process a vast amount of possibilities simultaneously, making them potentially very powerful for certain types of calculations.

### Key Concepts in Quantum Computing:

1. **Qubits**: The basic unit of quantum information. Unlike classical bits, which can be either 0 or 1, qubits can exist in a state of 0, 1, or any quantum superposition of these states. This means a system of n qubits can represent \(2^n\) different states simultaneously.

2. **Superposition**: A fundamental principle where a quantum system can be in multiple states at the same time until it's measured. For example, a single qubit can be in a state represented by the equation \(\alpha|0\rangle + \beta|1\rangle\), where \(\alpha\) and \(\beta\) are complex numbers satisfying \(|\alpha|^2 + |\beta|^2 = 1\).

3. **Entanglement**: A phenomenon where quantum particles become interconnected and the state of one (no matter the distance) can depend on the state of another. Entanglement is crucial for many quantum algorithms.

4. **Quantum Gates**: Operations that manipulate qubits, similar to how classical logic gates operate on bits. Quantum gates can be used to create more complex quantum circuits.

5. **Quantum Interference**: Used to amplify correct solutions and cancel out incorrect ones, a key aspect of quantum algorithms like Shor's algorithm for factoring large numbers and Grover's algorithm for searching unsorted databases.

6. **Quantum Error Correction**: Since quantum systems are highly susceptible to decoherence and other errors, techniques are needed to protect quantum information from these errors.

### Applications of Quantum Computing:

- **Cryptography**: Quantum computers could break many of the cryptographic systems currently in use, but they also enable the development of new, post-quantum cryptographic methods.
- **Optimization Problems**: Quantum computers can solve optimization problems much faster than classical computers, which are useful in logistics, finance, and machine learning.
- **Simulation**: Quantum computers can simulate quantum systems, which is challenging for classical computers. This has applications in chemistry, materials science, and drug discovery.
- **Machine Learning**: Quantum algorithms can potentially speed up certain machine learning tasks, although this area is still in its early stages.

### Challenges:

- **Error Rates**: Current quantum computers have high error rates, which need to be reduced significantly before practical applications can be realized.
- **Scalability**: Building large-scale quantum computers with many qubits and maintaining their coherence is a significant challenge.
- **Interoperability**: Developing software and hardware that can work seamlessly together across different quantum systems.

Despite these challenges, the potential benefits of quantum computing make it an exciting and rapidly evolving field. Research and development continue to push the boundaries of what is possible with quantum technology.",643,475,False
What is quantum computing?,18,10,"Quantum computing is a type of computing that uses the principles of quantum mechanics to process information. Unlike classical computers, which use bits (1s and 0s) as the smallest unit of data (a bit), quantum computers use quantum bits, or qubits. Here’s an overview of how quantum computing works and its potential applications:

### Basic Concepts

1. **Qubits**: 
   - In classical computing, a bit can be either a 0 or a 1. In quantum computing, a qubit can exist in multiple states simultaneously due to a phenomenon called superposition. This means a single qubit can represent and process a 0, a 1, or both at the same time.

2. **Superposition**:
   - Superposition allows qubits to be in multiple states at once. For example, if you have two qubits, they can be in a state where one is 0 and the other is 1, or both could be 0, or both could be 1, all at the same time. This property enables quantum computers to perform many calculations in parallel.

3. **Entanglement**:
   - Entanglement is another key principle of quantum mechanics. When qubits become entangled, the state of one (whether it's a 0 or a 1) can depend on the state of another, even over long distances. This allows quantum computers to create complex correlations between qubits.

4. **Quantum Gates**:
   - Quantum gates are analogous to logic gates in classical computing but operate on qubits. They manipulate the quantum states of qubits to perform operations like addition, multiplication, and more complex computations.

### Advantages Over Classical Computing

1. **Speed**:
   - Quantum computers can potentially solve certain problems much faster than classical computers. For instance, Shor's algorithm for factoring large numbers efficiently on a quantum computer could break many cryptographic systems used today.

2. **Problem-Solving Capabilities**:
   - Quantum computers excel at solving specific types of problems, such as optimization problems, simulations of molecular structures, and searching unsorted databases. These tasks are computationally intensive for classical computers.

### Challenges

1. **Error Rates**:
   - Quantum systems are highly sensitive to environmental disturbances, leading to errors in computation. Developing error correction techniques is a significant challenge.

2. **Scalability**:
   - Building and maintaining stable qubits with high coherence times is difficult. Current quantum computers typically have only a few dozen qubits, and scaling up to thousands or millions of qubits remains a challenge.

3. **Interoperability**:
   - Integrating quantum computers with classical computing systems and ensuring seamless communication between them is an ongoing area of research.

### Applications

1. **Cryptography**:
   - Quantum computers could revolutionize cryptography by breaking current encryption methods but also by enabling new forms of secure communication.

2. **Optimization Problems**:
   - Quantum algorithms can be used to optimize logistics, financial portfolios, and other complex decision-making processes.

3. **Material Science**:
   - Simulating molecular structures and chemical reactions can lead to breakthroughs in drug discovery and materials science.

4. **Machine Learning**:
   - Quantum machine learning algorithms could potentially speed up training processes and improve the accuracy of models.

### Future Prospects

While quantum computing faces numerous challenges, the potential benefits make it an exciting field of research. As technology advances, we may see more practical applications of quantum computing in various industries, from finance and healthcare to artificial intelligence and beyond.

In summary, quantum computing represents a paradigm shift in computing, offering unprecedented capabilities for solving complex problems that are currently beyond the reach of classical computers.",755,561,False
Why do ships float if they are made of steel?,18,-10,"Ships float because their weight is distributed in such a way that the buoyant force acting on them is greater than or equal to their weight. This principle is based on Archimedes' principle, which states that any object submerged in a fluid experiences an upward force equal to the weight of the fluid displaced by the object.

Even though ships are made of steel, which is very heavy and dense, they are designed with hollow hulls or compartments filled with lighter materials like water or air. The total volume of these materials is greater than the volume of the ship itself, allowing the ship to displace more water than its own weight, thus creating a buoyant force that supports it.

In essence, the design of the ship (with its hollow structure) allows it to displace enough water to counteract its own weight, making it float.",170,145,False
Why do ships float if they are made of steel?,18,-5,"Ships can float because their design and construction allow them to displace an amount of water that is equal to their own weight. This principle is based on Archimedes' Principle, which states that any object submerged in a fluid experiences an upward force equal to the weight of the fluid displaced by the object.

Even though a ship is made of steel, which is very dense, it is designed with hollow compartments and ballast tanks that can be filled or emptied to adjust its buoyancy. When a ship is loaded with cargo, it displaces enough water to support both the weight of the ship itself and the weight of the cargo. The volume of water displaced equals the weight of the ship plus the weight of the cargo, allowing the ship to float.

In summary, while the material (steel) of the ship is heavy, the design allows it to displace enough water to counterbalance its own weight, enabling it to float.",188,161,False
Why do ships float if they are made of steel?,18,0,"Ships can float because their design and construction allow them to displace an amount of water that is equal to their own weight. This principle is based on Archimedes' Principle, which states that any object submerged in a fluid (in this case, water) experiences an upward buoyant force that is equal to the weight of the fluid displaced by the object.

Here's how it works for a ship made of steel:

1. **Displacement**: A ship displaces its own weight in water. For example, if a ship weighs 10,000 tons, it will displace 10,000 tons of water when it floats.

2. **Buoyancy Force**: The buoyancy force acting on the ship is equal to the weight of the water displaced. If the ship is floating, the buoyancy force is exactly equal to the weight of the ship.

3. **Archimedes' Principle**: According to this principle, the upward force exerted by the water on the ship is equal to the downward force due to gravity acting on the ship. This balance allows the ship to remain afloat.

4. **Design and Construction**: Ships are designed with hollow hulls and compartments that are filled with air or other non-steel materials. These designs ensure that the ship remains stable and can displace enough water to counteract its own weight.

5. **Weight Distribution**: Modern ships are carefully designed to distribute their weight evenly throughout the vessel. This ensures that the center of gravity is low, which helps maintain stability and buoyancy.

In summary, while a ship is made of steel, its design and construction allow it to displace enough water to create an upward buoyant force that balances its weight, enabling it to float.",357,276,False
Why do ships float if they are made of steel?,18,5,"Ships can float because of the principle of buoyancy, which is described by Archimedes' Principle. This principle states that any object submerged in a fluid (in this case, water) experiences an upward force equal to the weight of the fluid displaced by the object.

Here's how it works for a ship made of steel:

1. **Volume and Buoyancy**: The volume of water displaced by the ship must be at least equal to the weight of the ship. When a ship is fully loaded and ready to sail, the total weight of the ship plus its cargo is greater than the weight of the water it displaces. However, as the ship moves through the water, it pushes aside a volume of water equal to its own weight. This displaced water exerts an upward force on the ship, which counteracts the downward force of gravity acting on the ship.

2. **Archimedes' Principle**: According to this principle, the upward buoyant force exerted on the ship is equal to the weight of the water displaced. If the ship is designed correctly, the weight of the water it displaces will be sufficient to support the weight of the ship and its contents.

3. **Design Considerations**: Ships are designed with hollow spaces and compartments to maximize the volume of water they can displace. This means that even though the ship itself is made of heavy materials like steel, the overall displacement of water is significant enough to keep the ship afloat.

4. **Metacentric Height**: Ships are also designed with a specific metacentric height, which is the distance between the center of buoyancy and the center of gravity. For a ship to be stable and float, this distance should be such that the ship remains upright when tilted slightly. This design ensures that the ship can maintain stability while floating.

In summary, while a ship is made of steel, which is very dense, the key factor in its ability to float is the volume of water it displaces, which is sufficient to counteract its own weight. This is why ships can float even though they are made of heavy materials.",426,353,False
Why do ships float if they are made of steel?,18,10,"Ships can float because of the principle of buoyancy, which is described by Archimedes' Principle. This principle states that any object submerged in a fluid (in this case, water) experiences an upward force equal to the weight of the fluid displaced by the object.

Here's how it works for a ship made of steel:

1. **Volume and Buoyancy**: The key factor is the volume of water that the ship displaces. For a ship to float, the weight of the water it displaces must be at least equal to the weight of the ship itself. 

2. **Archimedes' Principle**: When a ship is fully loaded and floating, the weight of the water it displaces is exactly equal to the total weight of the ship, including its cargo and passengers. This means that the ship is neither sinking nor floating higher than necessary.

3. **Design and Construction**: Ships are designed with hollow spaces and compartments to maximize the volume of water they can displace. These spaces are filled with air or other non-steel materials, allowing the ship to have a lower density than water. Steel alone would be denser than water, so the ship needs to be constructed in such a way that it can displace enough water to support its weight.

4. **Displacement**: When a ship is fully loaded, it pushes water out of the way, creating a space called the ""displacement hull."" The amount of water displaced is directly related to the ship's displacement volume, which is typically measured in tons of water displaced.

5. **Buoyancy Force**: The buoyancy force acting on the ship is equal to the weight of the water displaced. If the ship were made entirely of steel, it would sink because steel has a density greater than water (approximately 7850 kg/m³ compared to about 1000 kg/m³ for water).

In summary, ships float because their design allows them to displace more water than their own weight. Even though the ship itself is made of steel, which is denser than water, the overall structure is engineered to ensure that it displaces enough water to counterbalance its weight. This is why ships can carry significant loads while remaining afloat.",453,359,False
How does public-key cryptography work?,18,-10,"Public-key cryptography, also known as asymmetric cryptography, is a cryptographic system that uses pairs of keys: public keys and private keys. Here's how it works:

1. **Key Generation**: When you set up a public-key encryption system, you generate a pair of keys. One key is used for encryption (the public key), and the other is used for decryption (the private key). The public key can be freely distributed, while the private key must be kept secret.

2. **Encryption**: To send a secure message to someone, you use their public key to encrypt the message. Only the person with the corresponding private key can decrypt the message.

3. **Decryption**: To decrypt a message that was encrypted with your public key, you use your private key. Similarly, to encrypt a message with your private key, only someone with your public key can decrypt it.

4. **Digital Signatures**: Public-key cryptography is also used for digital signatures. A digital signature allows a sender to sign a message with their private key, which can be verified using the sender's public key. This ensures that the message came from the claimed sender and has not been altered.

5. **Secure Key Exchange**: Public-key cryptography can be used to securely exchange keys over an insecure channel. This is often done using protocols like Diffie-Hellman key exchange, where two parties can agree on a shared secret without ever transmitting it directly.

The security of public-key cryptography relies on mathematical problems that are difficult to solve, such as factoring large integers or computing discrete logarithms, making it computationally infeasible for an attacker to derive the private key from the public key.",336,271,False
How does public-key cryptography work?,18,-5,"Public-key cryptography, also known as asymmetric cryptography, is a cryptographic system that uses pairs of keys: public keys and private keys. This system allows for secure communication over an insecure channel without the need to share a secret key beforehand. Here’s how it works:

### 1. Key Generation:
- **Private Key**: This is kept secret by the owner.
- **Public Key**: This is freely distributed and can be shared with anyone who needs to send you encrypted messages.

### 2. Encryption and Decryption:
- **Encryption**: When someone wants to send you a message, they use your public key to encrypt the message. Only you can decrypt this message using your private key.
- **Decryption**: You can decrypt the message sent to you using your private key.

### 3. Digital Signatures:
- **Signing**: To sign a document or message, you use your private key to create a digital signature. Anyone can then verify the signature using your public key.
- **Verification**: The recipient can use your public key to verify the signature, ensuring that the message was indeed signed by you and has not been tampered with.

### 4. Secure Key Exchange:
- Public-key cryptography can be used to securely exchange symmetric keys (used for faster encryption/decryption) over an insecure channel. This is often done through protocols like Diffie-Hellman key exchange.

### 5. Security Considerations:
- **Key Management**: Proper management of private keys is crucial to prevent unauthorized access.
- **Security**: While public-key cryptography is generally considered secure, it relies on mathematical problems that are difficult to solve, such as factoring large numbers or solving discrete logarithm problems.

### Example:
Imagine Alice wants to send a confidential message to Bob. She generates a pair of keys: a public key (which she shares with Bob) and a private key (which she keeps secret). Alice encrypts her message using Bob's public key. When Bob receives the message, he decrypts it using his private key. No one else can read the message because only Bob has the private key.

This system ensures that even if the message is intercepted, it cannot be read by the interceptor because they do not have the private key needed to decrypt it.

Public-key cryptography is widely used in various applications, including secure email, SSL/TLS for web security, and digital signatures for verifying the authenticity of documents.",486,388,False
How does public-key cryptography work?,18,0,"Public-key cryptography, also known as asymmetric cryptography, is a cryptographic system that uses pairs of keys: public keys and private keys. This system allows for secure communication over an insecure channel without the need to share a secret key beforehand. Here’s how it works:

### Key Concepts

1. **Public Key**: A key that can be freely distributed and used to encrypt messages or verify signatures.
2. **Private Key**: A key that must be kept secret and used to decrypt messages or create signatures.

### How It Works

1. **Key Generation**:
   - When a user generates their key pair (public and private), they use a secure algorithm to create these keys. The process is typically done using a trusted random number generator and a cryptographically strong algorithm.
   - The public key is then shared with anyone who needs to send them a message or verify a signature. The private key is kept secret by the owner.

2. **Encryption**:
   - To send a message securely, the sender uses the recipient's public key to encrypt the message. Only the recipient, who has the corresponding private key, can decrypt the message.

3. **Decryption**:
   - The recipient uses their private key to decrypt the message. They cannot decrypt the message with their public key because only the private key can reverse the encryption process.

4. **Signature Creation**:
   - To sign a message, the sender uses their own private key to create a digital signature. Anyone with the sender's public key can verify the signature using the sender's public key.
   - Verification involves checking if the signature matches the message. If it does, the signature is valid; otherwise, it is invalid.

5. **Signature Verification**:
   - The verification process involves using the sender's public key to check the signature. If the signature matches the message, the signature is valid. If not, the signature is invalid.

### Security Considerations

- **Security of Private Keys**: The security of the entire system relies on the secrecy of the private key. If an attacker gains access to the private key, they can decrypt messages intended for the owner or forge signatures.
- **Key Management**: Proper management of keys is crucial. This includes generating, distributing, storing, and revoking keys securely.

### Applications

- **Email Encryption**: Securely sending emails where the recipient can verify the sender's identity.
- **Secure Web Browsing**: HTTPS uses public-key cryptography to ensure that web traffic between browsers and servers is encrypted.
- **Digital Signatures**: Verifying the authenticity of documents, software updates, and other digital assets.

### Summary

Public-key cryptography provides a robust method for secure communication by allowing users to exchange information in a way that ensures confidentiality, integrity, and non-repudiation. It leverages the principles of asymmetric encryption to enable secure transactions without the need for pre-shared secret keys.",584,461,False
How does public-key cryptography work?,18,5,"Public-key cryptography, also known as asymmetric cryptography, is a fundamental concept in modern cryptography that uses pairs of keys: public keys and private keys. This system allows for secure communication over insecure channels without the need to share secret keys beforehand. Here’s how it works:

### Key Concepts

1. **Public Key**: A key that can be freely distributed to anyone who wants to send you a message. It is used for encryption.

2. **Private Key**: A key that must be kept secret. It is used for decryption.

3. **Key Pair Generation**: The process of generating a pair of keys where each key can decrypt messages encrypted with the other key. This is typically done using a cryptographic algorithm (e.g., RSA, ECC).

4. **Encryption and Decryption**: 
   - **Encryption**: When someone wants to send you a message, they use your public key to encrypt the message.
   - **Decryption**: Only you, who has the corresponding private key, can decrypt the message.

### How Public-Key Cryptography Works

#### 1. Key Generation
- **Private Key**: This is generated randomly and kept secret.
- **Public Key**: This is derived from the private key but is mathematically linked to it. Anyone can have this key and use it to encrypt messages intended for you.

#### 2. Encryption Process
- **Sender**: To send a message, the sender uses your public key to encrypt the message. The result is an encrypted version of the message that only you can decrypt.
- **Example**: Suppose Alice wants to send a message to Bob. She generates a random message \( M \) and uses Bob's public key \( PK_B \) to encrypt it. The encrypted message \( C \) is given by:
  \[
  C = E_{PK_B}(M)
  \]
  where \( E_{PK_B} \) is the encryption function using Bob's public key.

#### 3. Decryption Process
- **Recipient**: To decrypt the message, Bob uses his private key \( SK_B \). The decryption function \( D_{SK_B} \) is applied to the encrypted message \( C \):
  \[
  M = D_{SK_B}(C)
  \]
  Since \( D_{SK_B} \) is the inverse of \( E_{PK_B} \), the original message \( M \) is recovered.

#### 4. Security Considerations
- **One-Way Functionality**: The encryption function \( E_{PK_B} \) should be computationally infeasible to reverse without the private key \( SK_B \).
- **Key Distribution**: The public key \( PK_B \) can be shared widely because it cannot be used to derive the private key. However, the private key must remain confidential.

### Applications of Public-Key Cryptography

1. **Email Encryption**: Secure email systems like PGP (Pretty Good Privacy) use public-key cryptography to ensure that only the intended recipient can read the email.
2. **Secure Web Browsing**: HTTPS uses public-key cryptography to establish a secure connection between a web server and a browser. The server's public key is used to encrypt data sent from the browser to the server.
3. **Digital Signatures**: Public-key cryptography is used to create digital signatures, which allow recipients to verify the authenticity and integrity of a message or document.

### Summary

Public-key cryptography provides a robust framework for secure communication by leveraging the principles of encryption and decryption with different keys. While the public key can be shared openly, the private key must be kept strictly confidential to maintain security.",736,542,False
How does public-key cryptography work?,18,10,"Public-key cryptography, also known as asymmetric cryptography, is a fundamental concept in modern cryptography that uses pairs of keys: public keys and private keys. Here's how it works:

### Key Concepts

1. **Public Key**: This is a key that can be freely distributed to anyone. It is used for encryption and digital signatures.
2. **Private Key**: This is a key that must be kept secret. It is used for decryption and signing.

### How Public-Key Cryptography Works

#### 1. Key Generation
- **Key Pair Creation**: When you generate a public-private key pair, you use a secure random number generator to create the private key. The private key is then used to derive the public key. This process is deterministic, meaning if you use the same algorithm and input, you will always get the same output (private key and public key).

#### 2. Encryption
- **Encryption with Public Key**: To encrypt a message using someone's public key, you simply use their public key to transform your plaintext into ciphertext. Only the corresponding private key can decrypt this ciphertext back into plaintext.

#### 3. Decryption
- **Decryption with Private Key**: To decrypt a message encrypted with the recipient's public key, you need to use the recipient's private key. This ensures that only the intended recipient can read the message.

#### 4. Digital Signatures
- **Signature Creation with Private Key**: A digital signature is a way to verify the authenticity and integrity of a message. The sender uses their own private key to sign the message. Anyone with the sender's public key can then verify the signature to confirm that the message has not been tampered with and that it indeed came from the sender.

#### 5. Verification
- **Signature Verification with Public Key**: To verify a digital signature, the recipient uses the sender's public key to check the signature. If the verification succeeds, it confirms that the message was indeed signed by the sender and has not been altered since the signature was created.

### Example Scenario

Let's say Alice wants to send a confidential message to Bob.

1. **Key Exchange**:
   - Alice generates a pair of keys (public and private).
   - She publishes her public key (e.g., on a public key server or through a trusted channel) but keeps her private key secret.
   - Bob receives Alice's public key and uses it to encrypt his message to Alice.

2. **Encryption**:
   - Bob encrypts his message using Alice's public key. The result is a ciphertext that can only be decrypted by Alice's private key.

3. **Transmission**:
   - Bob sends the ciphertext to Alice.

4. **Decryption**:
   - Alice receives the ciphertext and uses her private key to decrypt it, revealing the original plaintext message.

5. **Verification**:
   - Alice can also verify the digital signature on the message using Bob's public key. This ensures that the message has not been tampered with and that it indeed came from Bob.

### Security Considerations

- **Key Management**: Proper management of keys is crucial. Keys should be securely generated, stored, and distributed. Key revocation and updates are necessary to maintain security.
- **Algorithm Strength**: The strength of the cryptographic algorithms used in public-key cryptography is critical. Weaknesses in the underlying algorithms can lead to vulnerabilities.
- **Side-Channel Attacks**: These attacks exploit information gained from the physical implementation of a cryptosystem, such as timing information, power consumption, or electromagnetic radiation.

### Summary

Public-key cryptography provides a robust framework for secure communication. By separating the roles of encryption and decryption keys, it allows for secure data exchange without the need to share secret keys directly. This method is widely used in various applications, including email encryption, secure web browsing (HTTPS), and digital signatures.",780,614,False
What causes ocean tides?,18,-10,"Ocean tides are primarily caused by the gravitational pull of the Moon and, to a lesser extent, the Sun on Earth. The Moon's gravity creates two tidal bulges: one on the side of Earth facing the Moon and another on the opposite side. The Sun also exerts a gravitational force, but its effect is weaker than that of the Moon because it is farther away from Earth.

The gravitational forces of both the Moon and the Sun cause the water in the oceans to be pulled towards them, creating high tides. At the same time, the centrifugal force due to Earth's rotation tends to push the water away from the equator, causing a second set of high tides near the poles. 

However, the actual height of the tides varies depending on the position of the Moon and Sun relative to Earth, as well as the shape of the coastline and the depth of the sea. This results in a regular pattern of high and low tides occurring approximately every 12 hours and 25 minutes, which is known as the semi-diurnal tide pattern. In some areas, the pattern can be diurnal (two high tides and two low tides each day) or mixed (two high tides and two low tides each day with different heights).",259,213,False
What causes ocean tides?,18,-5,"Ocean tides are primarily caused by the gravitational pull of the Moon and, to a lesser extent, the Sun on Earth. Here's a more detailed explanation:

1. **Gravitational Pull**: The Moon and the Sun exert a gravitational force on Earth. This force is strongest at the point closest to the Moon or Sun (the near side) and weakest at the opposite point (the far side). 

2. **Water Deformation**: Because water is much less dense than land, it can be deformed more easily by these gravitational forces. The water on Earth bulges out in the direction of the Moon and Sun, creating high tides.

3. **Earth's Rotation**: As Earth rotates, different parts of the planet move into and out of the gravitational influence of the Moon and Sun. This results in the alternation of high and low tides as various locations pass through the areas of stronger gravitational pull.

4. **Solar Tidal Effect**: The Sun also exerts a tidal effect, but its influence is about half that of the Moon due to its greater distance from Earth. During new moon and full moon phases, when the Sun and Moon are aligned, their combined gravitational effects create higher high tides and lower low tides.

5. **Lunar Cycle**: The Moon orbits Earth approximately once every 27.3 days, which means the tidal effect changes slightly over time. This cycle affects the timing and height of tides.

6. **Other Factors**: Other factors like the shape of the coastline and underwater topography can also affect how tides appear and behave locally.

In summary, the primary cause of ocean tides is the gravitational interaction between the Earth, Moon, and Sun, with secondary influences from the Earth's rotation and other geographical features.",359,284,False
What causes ocean tides?,18,0,"Ocean tides are primarily caused by the gravitational forces exerted by the Moon and, to a lesser extent, the Sun on Earth's oceans. Here’s a detailed explanation:

1. **Gravitational Pull of the Moon**: The Moon has a significant gravitational pull on Earth because it is much closer than the Sun. This gravitational force pulls on the water in the oceans, causing them to bulge out towards the Moon. At the same time, there is another bulge of water on the opposite side of the Earth due to the centrifugal force resulting from Earth's rotation. These two bulges create high tides.

2. **Solar Tidal Effect**: The Sun also exerts a gravitational pull on Earth, but its effect is about half that of the Moon. During new moon and full moon phases, when the Sun, Earth, and Moon are aligned, their combined gravitational forces can cause higher high tides and lower low tides. This phenomenon is known as spring tides.

3. **Earth's Rotation**: As Earth rotates, different parts of the planet experience these tidal bulges at various times. This results in a rhythmic rise and fall of sea levels, which we perceive as tides.

4. **Other Factors**: Other factors like the shape of the coastline and underwater topography can influence how tides appear. For example, narrow bays or estuaries can create more pronounced tidal effects compared to open seas.

5. **Diurnal and Semidiurnal Tides**: Depending on the location, tides can be either diurnal (only one high tide per day) or semidiurnal (two high tides per day). This variation is influenced by the relative positions of the Moon and Sun and the local geography.

In summary, the primary cause of ocean tides is the gravitational interaction between the Moon and the Sun with Earth, leading to the creation of tidal bulges in the oceans.",388,301,False
What causes ocean tides?,18,5,"Ocean tides are primarily caused by the gravitational forces exerted by the Moon and, to a lesser extent, the Sun on Earth's oceans. Here’s a detailed explanation:

### Gravitational Forces of the Moon and Sun

1. **Moon's Influence:**
   - The Moon is much closer to Earth than the Sun, which means its gravitational pull is stronger. However, the Sun's gravity also plays a significant role.
   - The Moon's gravity pulls on the water in the oceans, creating a bulge on the side of Earth that faces the Moon. This is called the **near-side** tide.
   - Simultaneously, the Moon's gravity creates another bulge on the opposite side of Earth, known as the **far-side** tide. This is because the part of Earth away from the Moon is still being pulled by the Moon's gravity, but the water there is not yet aligned with the Moon.

2. **Sun's Influence:**
   - When the Sun and Moon are aligned (during a new moon or full moon), their combined gravitational forces create a **spring tide**, which is higher than average tides.
   - When the Sun and Moon are at right angles to each other (during first and third quarter moons), their gravitational forces partially cancel each other out, resulting in a **neap tide**, which is lower than average tides.

### Other Factors Influencing Tides

1. **Earth's Rotation:**
   - As Earth rotates, different parts of the planet experience the tidal bulges. This rotation causes the tides to move across the oceans over time.

2. **Earth's Shape:**
   - The Earth's slightly oblate shape (flattened at the poles and bulging at the equator) affects how the tides are distributed. The bulge near the Moon is slightly offset from the exact center of Earth due to this shape.

3. **Land Masses and Coastal Features:**
   - The presence of land masses and coastal features can significantly alter the shape and height of tides. For example, bays and estuaries can create complex tidal patterns.

4. **Seasonal Changes:**
   - The tilt of Earth's rotational axis and its elliptical orbit around the Sun cause seasonal variations in the strength of the Sun's gravitational influence, which can affect the amplitude of tides.

### Summary

In essence, ocean tides are a result of the combined gravitational effects of the Moon and Sun on Earth's oceans, coupled with the rotation of Earth and the shape of the planet. These factors work together to create the regular rise and fall of sea levels we observe.",538,407,False
What causes ocean tides?,18,10,"Ocean tides are primarily caused by the gravitational forces exerted by the Moon and the Sun on the Earth's oceans. The gravitational pull of these celestial bodies creates a bulge in the water, leading to high and low tides. Here’s a detailed explanation:

### Gravitational Forces

1. **Moon's Influence:**
   - The Moon has the most significant effect on Earth's tides because it is much closer to us than the Sun. The Moon's gravity pulls on the Earth's water, creating two tidal bulges: one facing the Moon and one on the opposite side of the Earth.
   - This gravitational interaction causes the water to be pulled towards the Moon, resulting in high tide on the side of the Earth closest to the Moon and another high tide on the side farthest from the Moon.

2. **Sun's Influence:**
   - While the Sun also exerts a gravitational force, its effect is less pronounced compared to the Moon due to its greater distance from the Earth. However, during certain phases of the Moon (new moon and full moon), the Sun and Moon align, and their combined gravitational forces can cause higher-than-normal tides known as spring tides.
   - During the new moon and full moon, when the Sun, Earth, and Moon are aligned, the gravitational forces of both bodies add up, causing a stronger tidal pull. This results in higher high tides and lower low tides.

### Other Factors

1. **Earth's Rotation:**
   - As the Earth rotates, different parts of the planet experience varying degrees of tidal influence. This rotation causes the water to move around the globe, contributing to the cycle of tides.

2. **Earth's Shape:**
   - The Earth's slightly oblate shape (flattened at the poles and bulging at the equator) also plays a role in the distribution of tides. The bulge near the equator experiences more gravitational pull from the Moon and Sun, leading to higher tides.

3. **Land Masses and Topography:**
   - The presence of land masses affects how tides are distributed. For example, the Bay of Fundy in Canada experiences particularly high tides due to the shape of the bay and the surrounding land. In contrast, areas with extensive continental shelves or deep ocean basins may have less noticeable tidal effects.

4. **Seasonal Variations:**
   - The tilt of the Earth's rotational axis and its elliptical orbit around the Sun contribute to seasonal variations in tides. These variations are smaller but can still be observed over the course of a year.

### Conclusion

In summary, ocean tides are primarily caused by the gravitational interactions between the Earth, Moon, and Sun. The Moon's gravitational pull is the dominant factor, followed by the Sun's influence, especially during specific phases. Understanding these factors helps explain why we observe the regular rise and fall of ocean levels that we call tides.",600,465,False
How does backpropagation work?,18,-10,"Backpropagation is an algorithm used to train artificial neural networks. It is a method for efficiently computing the gradient of the loss function with respect to the weights of the network in order to use gradient descent or its variants to optimize the weights. Here's a step-by-step explanation of how backpropagation works:

1. **Forward Pass**: During the forward pass, the input data is propagated through the network layer by layer, and the output is computed at the final layer.

2. **Compute Loss**: The output from the final layer is compared to the actual target values using a loss function (such as mean squared error for regression tasks or cross-entropy loss for classification tasks). This gives us the loss value for the entire batch.

3. **Backward Pass (Backpropagation)**: The backward pass involves propagating the error backwards through the network. Specifically:
   - The derivative of the loss with respect to the output of each neuron in the output layer is calculated.
   - This derivative is then propagated backwards through the network, calculating the gradients of the loss with respect to the outputs of each hidden layer neuron.
   - These gradients are then used to update the weights of the network using an optimization algorithm like gradient descent.

4. **Update Weights**: Using the computed gradients, the weights of the network are updated in the direction that minimizes the loss. This is typically done by adjusting the weights in proportion to the negative gradient of the loss with respect to the weights.

5. **Repeat**: Steps 2 to 4 are repeated for each training example in the batch, and often multiple times (epochs) over the entire dataset.

The key idea behind backpropagation is that it allows the computation of the gradient of the loss function with respect to the weights of the network in a single forward and backward pass, which makes it computationally efficient for training deep neural networks.

In summary, backpropagation calculates the gradient of the loss function with respect to the weights of the network and uses this information to adjust the weights in a way that reduces the loss.",417,348,False
How does backpropagation work?,18,-5,"Backpropagation is a fundamental algorithm used in training artificial neural networks. It's an efficient method for computing the gradient of the loss function with respect to the weights of the network. This allows for the use of gradient-based optimization algorithms like stochastic gradient descent (SGD) to update the weights and minimize the loss.

Here’s a step-by-step explanation of how backpropagation works:

1. **Forward Pass**: During the forward pass, the input data is propagated through the network layer by layer, and the output is computed. The output at each layer is calculated using the activation function applied to the weighted sum of inputs from the previous layer.

2. **Compute Loss**: After obtaining the output from the final layer, the loss (or cost) is computed between the predicted output and the actual target values. Common loss functions include mean squared error (MSE) for regression tasks and cross-entropy loss for classification tasks.

3. **Backward Pass (Backpropagation)**: The backward pass involves propagating the error (loss) backwards through the network. The goal is to compute the gradient of the loss with respect to the weights of the network. This is done using the chain rule of calculus.

4. **Gradient Calculation**: For each weight in the network, the gradient of the loss with respect to that weight is calculated. This is done by multiplying the derivative of the loss with respect to the output of the current layer by the derivative of the output of the current layer with respect to the weights of the current layer.

5. **Update Weights**: Using the gradients obtained, the weights of the network are updated using an optimization algorithm such as gradient descent. The weights are adjusted in the direction that minimizes the loss, typically by subtracting the gradient multiplied by a learning rate.

6. **Repeat**: Steps 2 to 5 are repeated for multiple epochs (complete passes through the dataset) or until the loss converges to an acceptable level.

### Key Concepts:
- **Activation Function**: Non-linear functions that introduce non-linearity into the model.
- **Loss Function**: Measures the difference between the predicted outputs and the actual targets.
- **Learning Rate**: Controls how much we are adjusting the weights during each training iteration.
- **Gradient Descent**: An optimization algorithm that uses the computed gradients to update the weights.

### Summary:
Backpropagation efficiently computes the gradients needed for weight updates in neural networks, making it a crucial component of training deep learning models.",499,401,False
How does backpropagation work?,18,0,"Backpropagation is a fundamental algorithm used in training artificial neural networks. It's an efficient method for computing the gradient of the loss function with respect to the weights of the network. This gradient is then used as input to a variation of gradient descent to update the weights and improve the model's performance.

Here’s a step-by-step explanation of how backpropagation works:

### 1. Forward Pass
- **Input Layer**: The inputs (features) are fed into the network.
- **Hidden Layers**: The inputs pass through each hidden layer, where they are multiplied by the weights and passed through an activation function (like ReLU, sigmoid, or tanh).
- **Output Layer**: The final output is produced by the output layer, which is typically a linear combination of the outputs from the previous layer, again followed by an activation function.

### 2. Loss Calculation
- After the forward pass, the predicted output is compared to the actual target values using a loss function (such as mean squared error for regression tasks or cross-entropy loss for classification tasks). The loss quantifies the difference between the predicted output and the actual target.

### 3. Backward Pass (Backpropagation)
- **Gradient Calculation**: The goal is to compute the gradient of the loss with respect to the weights of the network. This is done using the chain rule of calculus.
- **Chain Rule**: The gradient of the loss with respect to the weights can be computed by propagating the error backwards through the network. For each weight, the gradient is calculated as the sum of the gradients of the loss with respect to that weight, which itself is the sum of the gradients of the loss with respect to the outputs of the neurons connected to that weight.
- **Error Propagation**: The error (or delta) at each neuron is calculated as the product of the derivative of the activation function and the gradient of the loss with respect to the output of that neuron. This error is then propagated backward to the previous layers.

### 4. Weight Update
- Once the gradients have been computed, the weights are updated using an optimization algorithm such as gradient descent. The weights are adjusted in the direction that minimizes the loss function.
- **Update Rule**: The weights are updated using the formula:
  \[
  w_{new} = w_{old} - \eta \cdot \frac{\partial L}{\partial w}
  \]
  where \(w\) is the weight, \(\eta\) is the learning rate, and \(\frac{\partial L}{\partial w}\) is the gradient of the loss with respect to the weight.

### 5. Iteration
- Steps 1-4 are repeated for multiple iterations (epochs) until the model converges or meets other stopping criteria.

### Summary
Backpropagation efficiently computes the gradients needed for weight updates by leveraging the chain rule and the structure of the neural network. It allows for the effective training of deep neural networks by iteratively adjusting the weights to minimize the loss function.

This process is crucial for training neural networks and making them capable of performing complex tasks like image recognition, natural language processing, and more.",642,503,False
How does backpropagation work?,18,5,"Backpropagation is a fundamental algorithm used in training artificial neural networks, particularly those with multiple layers (deep learning models). It's an efficient method for computing the gradient of the loss function with respect to the weights of the network. This gradient is then used as input to optimization algorithms like stochastic gradient descent (SGD) to update the weights and minimize the loss.

### Key Concepts

1. **Loss Function**: The goal of backpropagation is to minimize a loss function, which measures how well the model's predictions match the actual data. Commonly used loss functions include mean squared error (for regression tasks) and cross-entropy loss (for classification tasks).

2. **Forward Pass**: In a forward pass, the input data flows through the network layer by layer, producing an output. During this process, the activations of each neuron are calculated using the activation function (e.g., sigmoid, ReLU, etc.).

3. **Error Calculation**: After the forward pass, the difference between the predicted output and the actual target values is calculated. This difference is called the error or loss.

4. **Backward Pass**: Backpropagation involves calculating the gradients of the loss function with respect to the weights of the network. These gradients indicate how much each weight contributes to the overall error. The key idea is to use the chain rule from calculus to compute these gradients efficiently.

### Steps of Backpropagation

1. **Forward Pass**:
   - Feed the input data through the network.
   - Compute the activations at each layer.
   - Calculate the final output and the corresponding loss.

2. **Compute Gradients**:
   - Start from the output layer and move backward to the input layer.
   - For each layer, calculate the gradient of the loss with respect to the weights and biases.
   - Use the chain rule to propagate the error backwards through the network.

3. **Update Weights**:
   - Use the computed gradients to update the weights and biases of the network.
   - Update rules often involve a learning rate, which determines the step size of each weight update.

### Detailed Steps

#### Forward Pass
- **Input Layer**: Input data \( x \).
- **Hidden Layers**: Each hidden layer computes its output based on the previous layer's outputs and the current layer's weights and biases.
- **Output Layer**: Computes the final output based on the hidden layer outputs and the output layer's weights and biases.

#### Backward Pass
1. **Output Layer**:
   - Compute the error term \( \delta^{(L)} \) for the output layer.
   - \( \delta^{(L)} = \frac{\partial L}{\partial z^{(L)}} \), where \( L \) is the output layer, and \( z^{(L)} \) is the pre-activation value of the output layer.
   - \( \delta^{(L)} = \nabla_{z^{(L)}} L \cdot \sigma'(z^{(L)}) \), where \( \sigma \) is the activation function and \( \sigma' \) is its derivative.

2. **Hidden Layers**:
   - Compute the error terms \( \delta^{(l)} \) for each hidden layer \( l \) from \( l = L-1 \) down to \( l = 1 \).
   - \( \delta^{(l)} = (\mathbf{W}^{(l+1)})^T \delta^{(l+1)} \cdot \sigma'(z^{(l)}) \).

3. **Weight and Bias Updates**:
   - Update the weights \( \mathbf{W}^{(l)} \) and biases \( \mathbf{b}^{(l)} \):
     - \( \mathbf{W}^{(l)} \leftarrow \mathbf{W}^{(l)} - \eta \delta^{(l)} \mathbf{a}^{(l-1)^T} \)
     - \( \mathbf{b}^{(l)} \leftarrow \mathbf{b}^{(l)} - \eta \delta^{(l)} \)

Here, \( \eta \) is the learning rate, and \( \mathbf{a}^{(l-1)} \) is the activations of the previous layer.

### Summary

Backpropagation is a powerful technique that allows us to efficiently compute the gradients needed for updating the weights in a neural network. By propagating the error backwards through the network, we can adjust the weights in a way that minimizes the loss function, leading to better performance on unseen data.",953,604,False
How does backpropagation work?,18,10,"Backpropagation is a fundamental algorithm used in training artificial neural networks, particularly those with multiple layers (deep learning models). It's an efficient method for computing the gradient of the loss function with respect to the weights of the network. This gradient is then used as input to optimization algorithms like Stochastic Gradient Descent (SGD) to update the weights and minimize the loss.

### Key Concepts

1. **Loss Function**: The goal of backpropagation is to minimize a loss function, which measures how well the model's predictions match the actual data. Commonly used loss functions include Mean Squared Error (MSE) for regression tasks and Cross-Entropy Loss for classification tasks.

2. **Forward Pass**: In a forward pass, the input data flows through the network layer by layer, producing an output. During this phase, the activation values at each layer are computed using the activation function (e.g., ReLU, sigmoid).

3. **Error Calculation**: After the forward pass, the error between the predicted output and the true label is calculated. For classification tasks, this is often done using the Cross-Entropy Loss. For regression tasks, it might be the Mean Squared Error.

4. **Backward Pass (Backpropagation)**: This is where the gradient descent process begins. The backward pass calculates the gradients of the loss function with respect to the weights of the network. These gradients indicate the direction and magnitude of the steepest descent along the loss surface.

### Steps of Backpropagation

1. **Initialize Gradients**: Start by initializing the gradients of the weights to zero.

2. **Forward Pass**: Perform a forward pass through the network to compute the activations and errors at each layer.

3. **Compute Gradients**:
   - **Output Layer**: Compute the gradient of the loss with respect to the output layer's predictions.
   - **Hidden Layers**: Propagate the error backwards from the output layer to the hidden layers. At each layer, calculate the gradient of the loss with respect to the weighted sum of inputs (z) and the activation (a) of the previous layer. Use the chain rule of calculus to compute these gradients.

4. **Update Weights**: Using the computed gradients, update the weights of the network. This is typically done using an optimization algorithm such as Stochastic Gradient Descent (SGD), Adam, or RMSProp.

### Mathematical Formulation

For a single neuron in the output layer, the gradient of the loss \( L \) with respect to the weight \( w_{ij}^{(l)} \) connecting the j-th neuron in layer l to the i-th neuron in layer l+1 can be derived as follows:

\[ \frac{\partial L}{\partial w_{ij}^{(l)}} = \frac{\partial L}{\partial z_i^{(l+1)}} \cdot \frac{\partial z_i^{(l+1)}}{\partial w_{ij}^{(l)}} \]

Where:
- \( z_i^{(l+1)} = \sum_j w_{ij}^{(l)} a_j^{(l)} + b_i^{(l+1)} \)
- \( a_i^{(l+1)} = f(z_i^{(l+1)}) \) (activation function)

The term \( \frac{\partial L}{\partial z_i^{(l+1)}} \) is the gradient of the loss with respect to the weighted sum of inputs, and \( \frac{\partial z_i^{(l+1)}}{\partial w_{ij}^{(l)}} \) is the derivative of the weighted sum with respect to the weight \( w_{ij}^{(l)} \).

### Summary

Backpropagation is a powerful technique that allows us to efficiently compute the gradients needed for updating the weights in deep neural networks. By iteratively applying the forward and backward passes, we can gradually improve the model's performance on the given task.",809,529,False
Why is the speed of light constant?,18,-10,"The constancy of the speed of light in vacuum is one of the fundamental constants in physics and is described by the theory of special relativity, formulated by Albert Einstein. There are several reasons why the speed of light is considered constant:

1. **Special Relativity**: According to special relativity, the speed of light in a vacuum is the same for all non-accelerating observers, regardless of their motion relative to the light source or observer. This principle is a cornerstone of the theory.

2. **Invariance Principle**: The invariance of the speed of light under Lorentz transformations (which describe how space and time coordinates change between different inertial frames) is a key feature of special relativity.

3. **Consistency with Maxwell's Equations**: The constancy of the speed of light is also consistent with Maxwell's equations, which describe the behavior of electric and magnetic fields and predict that light is an electromagnetic wave traveling at this speed.

4. **Experimental Evidence**: Numerous experiments have confirmed the constancy of the speed of light, including Michelson-Morley experiment, which aimed to detect the Earth's motion through the supposed ""luminiferous aether"" but found no evidence of such motion.

5. **Fundamental Nature**: The speed of light is not just a constant; it plays a crucial role in the fabric of spacetime as described by general relativity, where it appears in the form of the speed of light in the metric tensor.

Understanding the constancy of the speed of light is essential for many areas of modern physics, including quantum mechanics, particle physics, and cosmology.",330,254,False
Why is the speed of light constant?,18,-5,"The constancy of the speed of light in vacuum is one of the fundamental constants in physics and is described by the theory of special relativity, formulated by Albert Einstein. There are several reasons why the speed of light appears to be constant from all inertial frames of reference:

1. **Special Relativity**: According to special relativity, the laws of physics are the same for all non-accelerating observers, and the speed of light \( c \) is the same for all observers, regardless of their motion relative to the source of light.

2. **Invariance Principle**: The principle of relativity states that the laws of physics are invariant (remain the same) in all inertial frames of reference. This means that if you are moving at a constant velocity relative to another observer, the speed of light will appear the same to both of you.

3. **Experimental Evidence**: Numerous experiments have confirmed the constancy of the speed of light. For example, the Michelson-Morley experiment (and later experiments) showed that the speed of light is independent of the motion of the source or the observer.

4. **Consistency with Other Physical Laws**: The constancy of the speed of light is consistent with other fundamental physical laws such as Maxwell's equations, which describe how electric and magnetic fields propagate through space.

5. **Fundamental Nature**: The speed of light is not just a constant but also plays a crucial role in the structure of spacetime itself. It is related to the geometry of spacetime in the context of general relativity.

However, it's important to note that while the speed of light is constant, the apparent speed of light can change due to the relative motion between the source and the observer. For instance, if you are moving towards a light source, the light appears to come from a slightly closer position, making it seem faster than it actually is. Conversely, if you are moving away from the source, the light appears to come from a slightly farther position, making it seem slower.

In summary, the constancy of the speed of light is a cornerstone of modern physics and is a result of the principles of special relativity.",439,360,False
Why is the speed of light constant?,18,0,"The constancy of the speed of light in vacuum is one of the fundamental principles of modern physics, encapsulated in Albert Einstein's theory of special relativity. Here are some key points that explain why the speed of light appears to be constant:

1. **Special Relativity**: According to Einstein's special theory of relativity, the laws of physics are the same for all non-accelerating observers and the speed of light in a vacuum is always approximately 299,792,458 meters per second, regardless of the motion of the light source or observer.

2. **Invariance Principle**: One of the core principles of special relativity is the principle of relativity, which states that the laws of physics are the same in all inertial frames of reference. This means that if you are moving at a constant velocity relative to another observer, the speed of light will appear the same to both of you.

3. **Experimental Evidence**: Numerous experiments have confirmed the constancy of the speed of light. For example, the Michelson-Morley experiment (1887) attempted to detect the Earth's motion through the supposed ""luminiferous aether"" but found no evidence of such motion. This led to the development of special relativity.

4. **Consistency with Other Laws of Physics**: The constancy of the speed of light is consistent with other fundamental laws of physics, including Maxwell's equations of electromagnetism, which describe how electric and magnetic fields propagate through space.

5. **Time Dilation and Length Contraction**: As an observer moves closer to the speed of light, time dilation and length contraction occur. These effects are consequences of the constancy of the speed of light and are observed in high-speed particle accelerators and cosmic ray studies.

6. **General Relativity**: While the constancy of the speed of light is a cornerstone of special relativity, general relativity extends this principle to include gravity. In general relativity, spacetime itself can curve, but the speed of light remains constant along any path in spacetime.

7. **Quantum Mechanics**: In quantum mechanics, the speed of light is also considered a fundamental constant. It plays a crucial role in the Heisenberg uncertainty principle and the wave-particle duality of light.

Despite these explanations, the exact nature of why the speed of light is constant remains a topic of ongoing research and debate within theoretical physics. Some theories suggest it might be related to the structure of spacetime itself, while others explore the possibility of a deeper underlying symmetry or principle that governs the universe.",529,405,False
Why is the speed of light constant?,18,5,"The constancy of the speed of light in vacuum is one of the fundamental principles of modern physics, encapsulated in Albert Einstein's theory of special relativity. Here are some key points that explain why the speed of light appears to be constant:

1. **Special Relativity**: According to Einstein's special theory of relativity, the speed of light in a vacuum (approximately 299,792,458 meters per second) is the same for all observers, regardless of their relative motion or the motion of the light source. This principle is not just an empirical observation but a cornerstone of the theory.

2. **Invariance Principle**: The constancy of the speed of light implies that the laws of physics are the same for all non-accelerating observers. This means that if you were traveling at a constant velocity through space and observed a light beam, it would always appear to travel at the same speed, c, no matter how fast you were moving.

3. **Experimental Evidence**: Numerous experiments have confirmed the constancy of the speed of light. For example, the Michelson-Morley experiment (1887) was designed to detect the Earth's motion through the supposed ""luminiferous aether"" medium, which was thought to carry light waves. Instead, the null result supported the constancy of the speed of light.

4. **Consistency with Other Physical Laws**: The constancy of the speed of light is consistent with other fundamental physical laws, such as Maxwell's equations in electromagnetism, which describe how electric and magnetic fields propagate through space.

5. **General Relativity**: In Einstein's general theory of relativity, the speed of light is part of the metric tensor, which describes the geometry of spacetime. This means that the speed of light is not just a constant but is deeply intertwined with the structure of spacetime itself.

6. **Quantum Mechanics**: In quantum mechanics, the speed of light is related to the Planck length and Planck time, which are fundamental scales in the universe. The constancy of the speed of light helps unify these scales and provides a bridge between quantum mechanics and general relativity.

7. **Cosmology**: The constancy of the speed of light plays a crucial role in cosmological models. It affects how we interpret the expansion of the universe and the propagation of light over vast distances.

8. **Philosophical Implications**: The constancy of the speed of light has profound philosophical implications. It suggests that there is a universal standard of simultaneity and causality that applies everywhere in the universe, independent of the observer's frame of reference.

In summary, the constancy of the speed of light is not just a convenient fact but a deep and fundamental aspect of our understanding of the universe. It underpins much of modern physics and continues to be a subject of ongoing research and exploration.",590,454,False
Why is the speed of light constant?,18,10,"The constancy of the speed of light in a vacuum is one of the fundamental principles of modern physics, encapsulated in Albert Einstein's theory of special relativity. Here’s an overview of why the speed of light appears to be constant:

### 1. **Special Relativity and Lorentz Transformations**

According to Einstein's special theory of relativity, the speed of light in a vacuum is always measured to be approximately \(299,792,458\) meters per second (m/s), regardless of the motion of the source or observer. This principle is not just a measurement but a fundamental property of spacetime.

Einstein introduced the concept that the laws of physics should be the same for all non-accelerating observers, and he showed that if the speed of light were not constant, it would lead to inconsistencies in the way we measure time and space. The Lorentz transformations, which describe how space and time coordinates change between different inertial frames of reference, are derived from this principle.

### 2. **Experimental Evidence**

The constancy of the speed of light has been tested extensively through various experiments. Some notable examples include:

- **Michelson-Morley Experiment**: In 1887, Albert Michelson and Edward Morley conducted an experiment designed to detect the Earth's motion through the supposed ""luminiferous aether,"" a medium thought to carry light waves. They found no evidence of the expected interference pattern, leading to the realization that the speed of light is indeed constant.
  
- **Cryogenic Experiments**: Experiments involving very cold gases have also confirmed the constancy of the speed of light.

- **GPS Satellites**: Global Positioning Systems (GPS) rely on precise measurements of the speed of light. The clocks in GPS satellites run slightly faster than those on Earth due to the effects of general relativity and the constancy of the speed of light. Without accounting for these relativistic effects, the GPS system would be inaccurate.

### 3. **General Relativity and Gravitational Waves**

While the speed of light is constant, its path can be affected by gravity, as described by Einstein's theory of general relativity. Massive objects like planets and stars can bend the paths of light rays, a phenomenon known as gravitational lensing. However, the speed at which light travels remains constant.

### 4. **Quantum Mechanics and Quantum Field Theory**

In quantum mechanics, the speed of light is related to the Planck length (\(1.616 \times 10^{-35}\) meters) and the Planck time (\(5.39 \times 10^{-44}\) seconds). These extremely small scales are beyond our current experimental capabilities, but they suggest that the constancy of the speed of light might be a fundamental limit imposed by the fabric of spacetime itself.

### 5. **Philosophical Implications**

The constancy of the speed of light has profound philosophical implications. It suggests that there is a universal standard for measuring time and space, and it underpins many aspects of modern physics, including the structure of the universe.

### Conclusion

The constancy of the speed of light is not just a mathematical convenience; it is a cornerstone of our understanding of the physical world. It is deeply intertwined with the principles of relativity and has been rigorously tested and supported by numerous experiments. While the exact reasons behind this fundamental property remain a subject of ongoing research, the constancy of the speed of light is a well-established fact in contemporary physics.",729,543,False
